product_id,product_name,description,price,discount_percentage,category,brand,stock_quantity,color,size,weight,dimensions,release_date,rating,reviews_count,seller_name,seller_rating,seller_reviews_count,shipping_method,shipping_cost
1,consectetuer adipiscing elit proin risus praesent lectus vestibulum quam sapien varius ut blandit non interdum in ante vestibulum ante,"Pellentesque eget nunc. Donec quis orci eget orci vehicula condimentum. Curabitur in libero ut massa volutpat convallis. Morbi odio odio, elementum eu, interdum eu, tincidunt in, leo. Maecenas pulvinar lobortis est. Phasellus sit amet erat.",232.08,35.9,beauty,aenean auctor gravida sem praesent id massa id nisl venenatis lacinia aenean sit amet justo morbi ut,730,Yellow,medium,4.4,amet turpis elementum ligula vehicula consequat morbi a ipsum integer,2018-10-28,2.9,255,erat id mauris vulputate elementum nullam varius nulla facilisi cras non velit nec nisi vulputate nonummy,3.0,120,standard,4.92
2,quisque porta volutpat erat quisque erat eros viverra eget congue eget semper rutrum nulla nunc purus phasellus in,"Proin at turpis a pede posuere nonummy. Integer non velit. Donec diam neque, vestibulum eget, vulputate ut, ultrices vel, augue. Vestibulum ante ipsum primis in faucibus orci luctus et ultrices posuere cubilia Curae; Donec pharetra, magna vestibulum aliquet ultrices, erat tortor sollicitudin mi, sit amet lobortis sapien sapien non mi.",539.39,12.4,clothing,cras non velit nec nisi vulputate nonummy maecenas tincidunt lacus at velit vivamus vel,347,Orange,extra large,6.6,hac habitasse platea dictumst maecenas ut massa quis augue luctus tincidunt nulla mollis molestie lorem quisque ut erat curabitur gravida,2022-12-12,3.2,45,potenti nullam porttitor lacus at turpis donec posuere metus vitae ipsum,4.1,818,free,47.62
3,nulla ac enim in tempor turpis nec euismod scelerisque quam turpis adipiscing lorem vitae mattis nibh ligula nec sem duis,"Nullam orci pede, venenatis non, sodales sed, tincidunt eu, felis. Fusce posuere felis sed lacus. Morbi sem mauris, laoreet ut, rhoncus aliquet, pulvinar sed, nisl. Nunc rhoncus dui vel sem. Sed sagittis. Nam congue, risus semper porta volutpat, quam pede lobortis ligula, sit amet eleifend pede libero quis orci. Nullam molestie nibh in lectus.",14.34,2.84,electronics,tempus sit amet sem fusce consequat nulla nisl nunc nisl duis bibendum felis sed interdum venenatis,226,Khaki,medium,6.7,imperdiet et commodo vulputate justo in blandit ultrices enim lorem ipsum dolor sit amet consectetuer,2015-05-09,2.7,499,ut ultrices vel augue vestibulum ante ipsum primis in faucibus orci luctus et ultrices posuere cubilia curae donec,1.9,471,free,15.12
4,elit proin risus praesent lectus vestibulum quam sapien varius ut blandit non interdum,"Proin at turpis a pede posuere nonummy. Integer non velit. Donec diam neque, vestibulum eget, vulputate ut, ultrices vel, augue. Vestibulum ante ipsum primis in faucibus orci luctus et ultrices posuere cubilia Curae; Donec pharetra, magna vestibulum aliquet ultrices, erat tortor sollicitudin mi, sit amet lobortis sapien sapien non mi. Integer ac neque. Duis bibendum. Morbi non quam nec dui luctus rutrum. Nulla tellus.",842.73,40.42,toys,ipsum ac tellus semper interdum mauris ullamcorper purus sit amet nulla quisque arcu libero,78,Orange,large,4.2,primis in faucibus orci luctus et ultrices posuere cubilia curae nulla dapibus dolor vel est,2010-04-13,4.0,833,nibh quisque id justo sit amet sapien dignissim vestibulum vestibulum ante ipsum primis in faucibus orci luctus et,1.9,659,standard,29.03
5,rhoncus dui vel sem sed sagittis nam congue risus semper porta volutpat quam pede lobortis ligula,"Proin risus. Praesent lectus. Vestibulum quam sapien, varius ut, blandit non, interdum in, ante. Vestibulum ante ipsum primis in faucibus orci luctus et ultrices posuere cubilia Curae; Duis faucibus accumsan odio. Curabitur convallis. Duis consequat dui nec nisi volutpat eleifend.",968.44,33.12,beauty,non mauris morbi non lectus aliquam sit amet diam in magna,17,Violet,large,2.3,sagittis dui vel nisl duis ac nibh fusce lacus purus aliquet,2011-05-29,1.0,710,justo morbi ut odio cras mi pede malesuada in imperdiet et commodo vulputate,4.0,633,free,30.39
6,hac habitasse platea dictumst etiam faucibus cursus urna ut tellus nulla ut erat id,"Vestibulum ante ipsum primis in faucibus orci luctus et ultrices posuere cubilia Curae; Donec pharetra, magna vestibulum aliquet ultrices, erat tortor sollicitudin mi, sit amet lobortis sapien sapien non mi. Integer ac neque. Duis bibendum. Morbi non quam nec dui luctus rutrum.",561.58,15.45,electronics,a libero nam dui proin leo odio porttitor id consequat in consequat ut nulla,648,Turquoise,medium,9.7,massa tempor convallis nulla neque libero convallis eget eleifend luctus ultricies,2010-06-01,2.0,265,pretium iaculis diam erat fermentum justo nec condimentum neque sapien placerat ante,1.8,129,express,48.64
7,lacinia eget tincidunt eget tempus vel pede morbi porttitor lorem id ligula suspendisse ornare consequat lectus,Maecenas pulvinar lobortis est. Phasellus sit amet erat. Nulla tempus.,451.15,16.75,beauty,ante nulla justo aliquam quis turpis eget elit sodales scelerisque mauris sit amet eros,606,Blue,large,0.4,sollicitudin ut suscipit a feugiat et eros vestibulum ac est lacinia nisi venenatis tristique fusce congue diam id ornare imperdiet,2014-01-29,4.4,210,primis in faucibus orci luctus et ultrices posuere cubilia curae donec pharetra magna vestibulum aliquet ultrices erat tortor,4.0,760,express,15.45
8,dolor morbi vel lectus in quam fringilla rhoncus mauris enim leo rhoncus sed vestibulum,"Nulla tempus. Vivamus in felis eu sapien cursus vestibulum. Proin eu mi. Nulla ac enim. In tempor, turpis nec euismod scelerisque, quam turpis adipiscing lorem, vitae mattis nibh ligula nec sem. Duis aliquam convallis nunc. Proin at turpis a pede posuere nonummy.",83.5,12.66,electronics,volutpat erat quisque erat eros viverra eget congue eget semper rutrum nulla nunc,672,Indigo,large,9.9,et magnis dis parturient montes nascetur ridiculus mus vivamus vestibulum sagittis,2016-06-18,2.1,905,est donec odio justo sollicitudin ut suscipit a feugiat et eros vestibulum ac est lacinia nisi,2.4,302,free,28.18
9,vitae consectetuer eget rutrum at lorem integer tincidunt ante vel ipsum praesent blandit lacinia erat,"Cras pellentesque volutpat dui. Maecenas tristique, est et tempus semper, est quam pharetra magna, ac consequat metus sapien ut nunc. Vestibulum ante ipsum primis in faucibus orci luctus et ultrices posuere cubilia Curae; Mauris viverra diam vitae quam.",943.69,40.5,home decor,velit id pretium iaculis diam erat fermentum justo nec condimentum neque sapien placerat ante nulla justo aliquam quis turpis,48,Green,small,9.5,justo nec condimentum neque sapien placerat ante nulla justo aliquam quis,2022-07-16,4.0,365,lectus suspendisse potenti in eleifend quam a odio in hac habitasse platea dictumst maecenas ut massa quis augue luctus tincidunt,4.4,125,express,22.3
10,morbi non lectus aliquam sit amet diam in magna bibendum imperdiet,"Donec quis orci eget orci vehicula condimentum. Curabitur in libero ut massa volutpat convallis. Morbi odio odio, elementum eu, interdum eu, tincidunt in, leo.",947.94,20.2,toys,nisi volutpat eleifend donec ut dolor morbi vel lectus in quam fringilla rhoncus mauris enim leo rhoncus sed,959,Red,small,4.1,ornare consequat lectus in est risus auctor sed tristique in tempus sit,2013-01-13,2.9,585,mauris viverra diam vitae quam suspendisse potenti nullam porttitor lacus at,1.3,442,standard,47.62
11,magnis dis parturient montes nascetur ridiculus mus etiam vel augue vestibulum rutrum rutrum,"Nulla tempus. Vivamus in felis eu sapien cursus vestibulum. Proin eu mi. Nulla ac enim. In tempor, turpis nec euismod scelerisque, quam turpis adipiscing lorem, vitae mattis nibh ligula nec sem. Duis aliquam convallis nunc. Proin at turpis a pede posuere nonummy. Integer non velit.",629.28,35.72,clothing,curabitur convallis duis consequat dui nec nisi volutpat eleifend donec ut dolor,180,Fuscia,extra large,4.9,ultrices phasellus id sapien in sapien iaculis congue vivamus metus,2019-05-30,1.5,79,ut dolor morbi vel lectus in quam fringilla rhoncus mauris enim,2.7,422,express,10.95
12,ut nulla sed accumsan felis ut at dolor quis odio consequat varius integer ac leo pellentesque,"Nulla justo. Aliquam quis turpis eget elit sodales scelerisque. Mauris sit amet eros. Suspendisse accumsan tortor quis turpis. Sed ante. Vivamus tortor. Duis mattis egestas metus. Aenean fermentum. Donec ut mauris eget massa tempor convallis. Nulla neque libero, convallis eget, eleifend luctus, ultricies eu, nibh.",908.85,45.53,toys,lacinia sapien quis libero nullam sit amet turpis elementum ligula vehicula consequat morbi a ipsum,948,Aquamarine,large,2.0,bibendum morbi non quam nec dui luctus rutrum nulla tellus in sagittis dui vel nisl duis,2018-07-15,4.1,110,vel pede morbi porttitor lorem id ligula suspendisse ornare consequat lectus in est risus auctor sed tristique in tempus,2.5,647,standard,16.95
13,justo nec condimentum neque sapien placerat ante nulla justo aliquam,"Aliquam augue quam, sollicitudin vitae, consectetuer eget, rutrum at, lorem. Integer tincidunt ante vel ipsum. Praesent blandit lacinia erat. Vestibulum sed magna at nunc commodo placerat. Praesent blandit. Nam nulla.",857.41,31.76,beauty,cras non velit nec nisi vulputate nonummy maecenas tincidunt lacus at velit vivamus vel nulla eget eros,829,Puce,medium,0.1,cum sociis natoque penatibus et magnis dis parturient montes nascetur ridiculus mus vivamus vestibulum sagittis sapien cum sociis,2011-09-14,3.3,482,pede venenatis non sodales sed tincidunt eu felis fusce posuere felis sed,2.0,65,standard,37.42
14,risus praesent lectus vestibulum quam sapien varius ut blandit non,"Lorem ipsum dolor sit amet, consectetuer adipiscing elit. Proin risus. Praesent lectus. Vestibulum quam sapien, varius ut, blandit non, interdum in, ante. Vestibulum ante ipsum primis in faucibus orci luctus et ultrices posuere cubilia Curae; Duis faucibus accumsan odio.",406.5,38.78,electronics,aenean auctor gravida sem praesent id massa id nisl venenatis,356,Pink,large,2.3,rutrum nulla nunc purus phasellus in felis donec semper sapien a libero nam dui proin leo odio porttitor id,2020-09-01,3.5,255,congue vivamus metus arcu adipiscing molestie hendrerit at vulputate vitae nisl aenean lectus pellentesque eget nunc donec quis orci,2.6,832,standard,11.15
15,accumsan tortor quis turpis sed ante vivamus tortor duis mattis egestas metus aenean fermentum donec ut mauris eget,Duis mattis egestas metus.,799.37,13.55,home decor,amet sapien dignissim vestibulum vestibulum ante ipsum primis in faucibus orci luctus et ultrices posuere cubilia,836,Indigo,extra large,4.4,ultricies eu nibh quisque id justo sit amet sapien dignissim vestibulum vestibulum ante ipsum primis in faucibus,2016-03-30,4.6,682,erat eros viverra eget congue eget semper rutrum nulla nunc purus phasellus in felis donec semper sapien a libero,3.9,77,free,27.52
16,vestibulum proin eu mi nulla ac enim in tempor turpis nec euismod scelerisque quam turpis,"Fusce congue, diam id ornare imperdiet, sapien urna pretium nisl, ut volutpat sapien arcu sed augue. Aliquam erat volutpat. In congue. Etiam justo. Etiam pretium iaculis justo. In hac habitasse platea dictumst. Etiam faucibus cursus urna. Ut tellus.",581.3,20.06,clothing,nulla nunc purus phasellus in felis donec semper sapien a libero nam dui,530,Purple,medium,9.2,at velit vivamus vel nulla eget eros elementum pellentesque quisque porta volutpat erat quisque erat,2021-10-22,1.9,702,pretium nisl ut volutpat sapien arcu sed augue aliquam erat volutpat in congue etiam justo etiam pretium iaculis justo,3.5,810,express,23.02
17,id mauris vulputate elementum nullam varius nulla facilisi cras non velit nec,"Nunc purus. Phasellus in felis. Donec semper sapien a libero. Nam dui. Proin leo odio, porttitor id, consequat in, consequat ut, nulla. Sed accumsan felis.",415.82,8.29,clothing,eget tempus vel pede morbi porttitor lorem id ligula suspendisse,831,Aquamarine,medium,0.1,consectetuer adipiscing elit proin risus praesent lectus vestibulum quam sapien varius ut blandit non interdum in,2011-04-09,3.0,328,in hac habitasse platea dictumst aliquam augue quam sollicitudin vitae consectetuer eget rutrum at lorem integer tincidunt,2.4,440,standard,10.73
18,massa quis augue luctus tincidunt nulla mollis molestie lorem quisque ut erat curabitur gravida,"Integer non velit. Donec diam neque, vestibulum eget, vulputate ut, ultrices vel, augue. Vestibulum ante ipsum primis in faucibus orci luctus et ultrices posuere cubilia Curae; Donec pharetra, magna vestibulum aliquet ultrices, erat tortor sollicitudin mi, sit amet lobortis sapien sapien non mi. Integer ac neque.",493.78,38.89,electronics,lacinia nisi venenatis tristique fusce congue diam id ornare imperdiet sapien urna pretium,848,Teal,small,0.9,tincidunt lacus at velit vivamus vel nulla eget eros elementum,2016-04-02,2.3,506,nunc commodo placerat praesent blandit nam nulla integer pede justo lacinia eget,3.4,782,standard,37.22
19,non mauris morbi non lectus aliquam sit amet diam in magna bibendum imperdiet nullam,"In tempor, turpis nec euismod scelerisque, quam turpis adipiscing lorem, vitae mattis nibh ligula nec sem. Duis aliquam convallis nunc. Proin at turpis a pede posuere nonummy. Integer non velit.",49.75,46.54,clothing,quam a odio in hac habitasse platea dictumst maecenas ut massa quis augue luctus tincidunt nulla mollis molestie,758,Violet,extra large,0.9,nunc commodo placerat praesent blandit nam nulla integer pede justo lacinia eget tincidunt eget tempus vel,2020-04-20,2.0,386,ultrices phasellus id sapien in sapien iaculis congue vivamus metus arcu adipiscing molestie hendrerit at vulputate,2.5,884,standard,43.49
20,ipsum aliquam non mauris morbi non lectus aliquam sit amet,"Curabitur in libero ut massa volutpat convallis. Morbi odio odio, elementum eu, interdum eu, tincidunt in, leo. Maecenas pulvinar lobortis est. Phasellus sit amet erat. Nulla tempus.",5.67,1.18,clothing,adipiscing molestie hendrerit at vulputate vitae nisl aenean lectus pellentesque,497,Aquamarine,small,1.4,amet cursus id turpis integer aliquet massa id lobortis convallis tortor risus dapibus augue,2017-08-18,3.5,325,donec posuere metus vitae ipsum aliquam non mauris morbi non lectus aliquam sit,1.3,652,express,9.02
21,vestibulum ante ipsum primis in faucibus orci luctus et ultrices posuere cubilia curae nulla dapibus dolor vel est donec odio,"Mauris enim leo, rhoncus sed, vestibulum sit amet, cursus id, turpis. Integer aliquet, massa id lobortis convallis, tortor risus dapibus augue, vel accumsan tellus nisi eu orci.",616.01,43.04,home decor,in lacus curabitur at ipsum ac tellus semper interdum mauris ullamcorper purus,964,Teal,medium,5.4,interdum eu tincidunt in leo maecenas pulvinar lobortis est phasellus sit amet erat nulla tempus,2013-07-23,4.8,590,commodo placerat praesent blandit nam nulla integer pede justo lacinia eget tincidunt eget tempus vel pede morbi porttitor,4.0,155,standard,7.35
22,sodales sed tincidunt eu felis fusce posuere felis sed lacus morbi sem mauris laoreet ut rhoncus aliquet pulvinar sed,Mauris lacinia sapien quis libero. Nullam sit amet turpis elementum ligula vehicula consequat. Morbi a ipsum.,979.71,35.04,toys,at nulla suspendisse potenti cras in purus eu magna vulputate luctus cum sociis natoque penatibus et magnis dis parturient,798,Orange,small,3.8,scelerisque quam turpis adipiscing lorem vitae mattis nibh ligula nec sem duis aliquam convallis nunc proin at turpis a,2013-02-24,1.7,758,velit donec diam neque vestibulum eget vulputate ut ultrices vel augue vestibulum ante ipsum primis in faucibus,1.7,666,express,22.61
23,dui luctus rutrum nulla tellus in sagittis dui vel nisl duis ac nibh fusce,Duis mattis egestas metus. Aenean fermentum. Donec ut mauris eget massa tempor convallis.,975.57,12.14,electronics,lacus at turpis donec posuere metus vitae ipsum aliquam non mauris morbi non lectus aliquam sit amet diam,690,Green,small,7.7,placerat ante nulla justo aliquam quis turpis eget elit sodales scelerisque mauris sit amet eros suspendisse accumsan tortor,2018-08-28,2.0,440,quisque ut erat curabitur gravida nisi at nibh in hac habitasse platea dictumst aliquam augue,1.5,373,free,34.88
24,molestie sed justo pellentesque viverra pede ac diam cras pellentesque volutpat dui maecenas tristique est et tempus semper est quam,Maecenas ut massa quis augue luctus tincidunt. Nulla mollis molestie lorem. Quisque ut erat.,480.61,48.45,beauty,purus phasellus in felis donec semper sapien a libero nam dui proin,906,Turquoise,extra large,5.1,cursus id turpis integer aliquet massa id lobortis convallis tortor risus dapibus augue vel accumsan tellus nisi eu orci mauris,2020-03-13,2.6,219,et ultrices posuere cubilia curae donec pharetra magna vestibulum aliquet ultrices erat tortor sollicitudin mi sit amet lobortis sapien,2.3,724,standard,32.05
25,integer tincidunt ante vel ipsum praesent blandit lacinia erat vestibulum sed,"Vestibulum sed magna at nunc commodo placerat. Praesent blandit. Nam nulla. Integer pede justo, lacinia eget, tincidunt eget, tempus vel, pede. Morbi porttitor lorem id ligula. Suspendisse ornare consequat lectus. In est risus, auctor sed, tristique in, tempus sit amet, sem. Fusce consequat.",585.67,33.25,clothing,posuere nonummy integer non velit donec diam neque vestibulum eget vulputate ut ultrices vel augue vestibulum ante ipsum primis,93,Pink,medium,10.0,feugiat non pretium quis lectus suspendisse potenti in eleifend quam a odio in hac habitasse platea dictumst maecenas ut massa,2017-06-08,1.8,908,mauris laoreet ut rhoncus aliquet pulvinar sed nisl nunc rhoncus dui vel sem sed sagittis,4.9,227,express,6.11
26,donec semper sapien a libero nam dui proin leo odio,Ut tellus. Nulla ut erat id mauris vulputate elementum. Nullam varius. Nulla facilisi. Cras non velit nec nisi vulputate nonummy. Maecenas tincidunt lacus at velit.,487.16,14.84,home decor,sit amet consectetuer adipiscing elit proin interdum mauris non ligula pellentesque ultrices phasellus id sapien in sapien iaculis congue,471,Aquamarine,medium,2.3,nulla dapibus dolor vel est donec odio justo sollicitudin ut suscipit a feugiat et eros vestibulum ac est lacinia nisi,2012-12-14,3.5,370,mauris morbi non lectus aliquam sit amet diam in magna bibendum imperdiet nullam orci,1.6,865,express,23.04
27,pretium nisl ut volutpat sapien arcu sed augue aliquam erat volutpat in,"Cras in purus eu magna vulputate luctus. Cum sociis natoque penatibus et magnis dis parturient montes, nascetur ridiculus mus. Vivamus vestibulum sagittis sapien. Cum sociis natoque penatibus et magnis dis parturient montes, nascetur ridiculus mus. Etiam vel augue. Vestibulum rutrum rutrum neque. Aenean auctor gravida sem. Praesent id massa id nisl venenatis lacinia.",194.42,22.13,electronics,ligula nec sem duis aliquam convallis nunc proin at turpis a pede posuere nonummy,800,Violet,medium,0.4,nulla suspendisse potenti cras in purus eu magna vulputate luctus cum,2022-05-08,3.7,145,at nibh in hac habitasse platea dictumst aliquam augue quam sollicitudin vitae consectetuer,2.0,977,standard,11.32
28,velit vivamus vel nulla eget eros elementum pellentesque quisque porta,"In hac habitasse platea dictumst. Aliquam augue quam, sollicitudin vitae, consectetuer eget, rutrum at, lorem.",989.64,4.51,clothing,ligula sit amet eleifend pede libero quis orci nullam molestie nibh in lectus pellentesque,502,Turquoise,large,5.3,vehicula condimentum curabitur in libero ut massa volutpat convallis morbi,2011-07-31,4.9,695,neque vestibulum eget vulputate ut ultrices vel augue vestibulum ante ipsum primis in faucibus orci luctus,1.9,394,express,40.08
29,varius nulla facilisi cras non velit nec nisi vulputate nonummy maecenas tincidunt lacus at velit vivamus,Aliquam erat volutpat. In congue.,8.22,42.16,toys,faucibus orci luctus et ultrices posuere cubilia curae mauris viverra diam vitae quam suspendisse potenti nullam porttitor,981,Purple,small,4.1,risus dapibus augue vel accumsan tellus nisi eu orci mauris lacinia sapien quis libero,2017-08-02,4.3,800,at turpis a pede posuere nonummy integer non velit donec diam neque vestibulum eget vulputate,3.8,302,express,22.25
30,cursus vestibulum proin eu mi nulla ac enim in tempor turpis nec euismod scelerisque,"Nullam molestie nibh in lectus. Pellentesque at nulla. Suspendisse potenti. Cras in purus eu magna vulputate luctus. Cum sociis natoque penatibus et magnis dis parturient montes, nascetur ridiculus mus. Vivamus vestibulum sagittis sapien. Cum sociis natoque penatibus et magnis dis parturient montes, nascetur ridiculus mus. Etiam vel augue. Vestibulum rutrum rutrum neque. Aenean auctor gravida sem.",307.03,13.79,home decor,sit amet nulla quisque arcu libero rutrum ac lobortis vel dapibus,102,Khaki,small,4.2,accumsan odio curabitur convallis duis consequat dui nec nisi volutpat eleifend donec ut dolor morbi vel lectus in,2011-06-08,1.1,802,ullamcorper augue a suscipit nulla elit ac nulla sed vel enim sit,1.8,52,free,17.29
31,in hac habitasse platea dictumst morbi vestibulum velit id pretium iaculis diam erat,"Integer ac neque. Duis bibendum. Morbi non quam nec dui luctus rutrum. Nulla tellus. In sagittis dui vel nisl. Duis ac nibh. Fusce lacus purus, aliquet at, feugiat non, pretium quis, lectus. Suspendisse potenti.",916.28,24.79,clothing,cubilia curae duis faucibus accumsan odio curabitur convallis duis consequat dui,670,Turquoise,large,7.8,convallis duis consequat dui nec nisi volutpat eleifend donec ut,2021-11-20,1.8,783,nulla justo aliquam quis turpis eget elit sodales scelerisque mauris sit amet eros suspendisse accumsan tortor quis turpis,3.0,999,free,45.52
32,accumsan felis ut at dolor quis odio consequat varius integer ac leo pellentesque,"Fusce congue, diam id ornare imperdiet, sapien urna pretium nisl, ut volutpat sapien arcu sed augue. Aliquam erat volutpat. In congue. Etiam justo. Etiam pretium iaculis justo. In hac habitasse platea dictumst. Etiam faucibus cursus urna. Ut tellus. Nulla ut erat id mauris vulputate elementum.",431.31,32.65,electronics,quam pharetra magna ac consequat metus sapien ut nunc vestibulum ante ipsum primis in faucibus,846,Mauv,small,7.1,sociis natoque penatibus et magnis dis parturient montes nascetur ridiculus,2017-04-01,1.8,707,ut dolor morbi vel lectus in quam fringilla rhoncus mauris enim leo rhoncus sed vestibulum sit amet,4.2,100,standard,14.87
33,mi pede malesuada in imperdiet et commodo vulputate justo in blandit ultrices enim lorem,Morbi porttitor lorem id ligula.,99.34,40.79,toys,sapien cum sociis natoque penatibus et magnis dis parturient montes nascetur ridiculus mus etiam,928,Fuscia,medium,1.7,iaculis congue vivamus metus arcu adipiscing molestie hendrerit at vulputate vitae nisl aenean lectus pellentesque eget nunc,2022-05-26,2.4,364,duis aliquam convallis nunc proin at turpis a pede posuere nonummy integer non velit donec diam neque,4.8,203,standard,26.3
34,orci pede venenatis non sodales sed tincidunt eu felis fusce posuere felis,"In hac habitasse platea dictumst. Aliquam augue quam, sollicitudin vitae, consectetuer eget, rutrum at, lorem. Integer tincidunt ante vel ipsum. Praesent blandit lacinia erat. Vestibulum sed magna at nunc commodo placerat. Praesent blandit.",116.89,49.35,toys,vestibulum velit id pretium iaculis diam erat fermentum justo nec condimentum neque sapien,114,Indigo,large,0.6,integer aliquet massa id lobortis convallis tortor risus dapibus augue vel,2015-12-18,1.3,118,ac diam cras pellentesque volutpat dui maecenas tristique est et tempus semper est quam pharetra magna ac,2.4,933,free,9.05
35,nulla suspendisse potenti cras in purus eu magna vulputate luctus cum sociis,Nullam sit amet turpis elementum ligula vehicula consequat. Morbi a ipsum.,582.86,8.66,home decor,dolor vel est donec odio justo sollicitudin ut suscipit a feugiat et eros vestibulum ac est lacinia nisi venenatis,353,Mauv,extra large,9.4,eleifend donec ut dolor morbi vel lectus in quam fringilla rhoncus mauris enim leo rhoncus,2022-01-21,2.6,616,consectetuer adipiscing elit proin interdum mauris non ligula pellentesque ultrices phasellus id sapien,1.7,857,express,1.72
36,semper est quam pharetra magna ac consequat metus sapien ut nunc vestibulum ante ipsum primis in,Integer ac leo.,421.16,37.16,electronics,phasellus id sapien in sapien iaculis congue vivamus metus arcu adipiscing molestie hendrerit at vulputate vitae,125,Blue,large,5.0,sapien iaculis congue vivamus metus arcu adipiscing molestie hendrerit at vulputate vitae,2010-08-13,2.4,653,pellentesque ultrices mattis odio donec vitae nisi nam ultrices libero non,3.5,256,free,26.26
37,justo aliquam quis turpis eget elit sodales scelerisque mauris sit amet eros suspendisse,Mauris sit amet eros. Suspendisse accumsan tortor quis turpis. Sed ante. Vivamus tortor. Duis mattis egestas metus. Aenean fermentum. Donec ut mauris eget massa tempor convallis.,527.98,2.59,home decor,commodo vulputate justo in blandit ultrices enim lorem ipsum dolor sit amet consectetuer adipiscing elit proin,644,Goldenrod,large,5.7,id luctus nec molestie sed justo pellentesque viverra pede ac diam cras pellentesque volutpat,2015-11-12,1.6,137,sapien iaculis congue vivamus metus arcu adipiscing molestie hendrerit at vulputate vitae nisl aenean lectus pellentesque eget nunc donec quis,2.8,95,free,11.98
38,natoque penatibus et magnis dis parturient montes nascetur ridiculus mus etiam vel augue,"Nulla ac enim. In tempor, turpis nec euismod scelerisque, quam turpis adipiscing lorem, vitae mattis nibh ligula nec sem. Duis aliquam convallis nunc. Proin at turpis a pede posuere nonummy. Integer non velit.",226.85,3.25,toys,mi in porttitor pede justo eu massa donec dapibus duis at velit eu est congue elementum in hac,121,Maroon,large,2.7,semper est quam pharetra magna ac consequat metus sapien ut nunc vestibulum ante ipsum primis in faucibus orci,2013-04-26,3.5,885,amet consectetuer adipiscing elit proin risus praesent lectus vestibulum quam sapien varius ut blandit non,2.3,743,standard,2.03
39,semper interdum mauris ullamcorper purus sit amet nulla quisque arcu libero,"Fusce posuere felis sed lacus. Morbi sem mauris, laoreet ut, rhoncus aliquet, pulvinar sed, nisl. Nunc rhoncus dui vel sem. Sed sagittis. Nam congue, risus semper porta volutpat, quam pede lobortis ligula, sit amet eleifend pede libero quis orci.",591.47,18.24,electronics,lacus curabitur at ipsum ac tellus semper interdum mauris ullamcorper purus sit amet nulla quisque arcu libero,828,Fuscia,medium,5.7,dis parturient montes nascetur ridiculus mus etiam vel augue vestibulum rutrum rutrum neque aenean auctor,2010-10-18,4.4,800,eu tincidunt in leo maecenas pulvinar lobortis est phasellus sit amet erat nulla tempus,1.2,78,standard,18.56
40,felis sed lacus morbi sem mauris laoreet ut rhoncus aliquet pulvinar sed nisl nunc rhoncus dui vel,"Integer ac neque. Duis bibendum. Morbi non quam nec dui luctus rutrum. Nulla tellus. In sagittis dui vel nisl. Duis ac nibh. Fusce lacus purus, aliquet at, feugiat non, pretium quis, lectus. Suspendisse potenti.",478.68,14.31,home decor,sit amet eleifend pede libero quis orci nullam molestie nibh in lectus pellentesque,117,Turquoise,small,6.2,elit proin risus praesent lectus vestibulum quam sapien varius ut blandit non interdum in ante,2011-06-05,4.1,93,quis turpis sed ante vivamus tortor duis mattis egestas metus aenean fermentum donec ut mauris,2.8,765,express,49.15
41,eget semper rutrum nulla nunc purus phasellus in felis donec semper sapien a libero nam dui proin leo odio porttitor,"In tempor, turpis nec euismod scelerisque, quam turpis adipiscing lorem, vitae mattis nibh ligula nec sem. Duis aliquam convallis nunc.",7.7,29.64,home decor,pede lobortis ligula sit amet eleifend pede libero quis orci nullam,63,Mauv,large,2.6,sed vel enim sit amet nunc viverra dapibus nulla suscipit ligula in,2013-03-31,4.0,329,tellus nisi eu orci mauris lacinia sapien quis libero nullam,4.3,848,free,6.78
42,nulla tempus vivamus in felis eu sapien cursus vestibulum proin eu mi nulla ac enim in tempor turpis nec,Nulla suscipit ligula in lacus. Curabitur at ipsum ac tellus semper interdum.,835.08,23.66,beauty,non quam nec dui luctus rutrum nulla tellus in sagittis dui vel nisl,728,Yellow,small,7.6,elit proin interdum mauris non ligula pellentesque ultrices phasellus id sapien in sapien iaculis congue vivamus,2016-02-11,3.6,288,nulla dapibus dolor vel est donec odio justo sollicitudin ut suscipit a,4.6,857,express,42.79
43,sociis natoque penatibus et magnis dis parturient montes nascetur ridiculus mus etiam vel augue vestibulum rutrum,"Donec dapibus. Duis at velit eu est congue elementum. In hac habitasse platea dictumst. Morbi vestibulum, velit id pretium iaculis, diam erat fermentum justo, nec condimentum neque sapien placerat ante.",197.78,27.92,clothing,augue vel accumsan tellus nisi eu orci mauris lacinia sapien quis libero nullam sit amet turpis elementum ligula vehicula,701,Orange,extra large,3.3,augue aliquam erat volutpat in congue etiam justo etiam pretium iaculis,2015-09-15,4.7,653,suspendisse accumsan tortor quis turpis sed ante vivamus tortor duis mattis egestas metus,2.7,961,free,14.68
44,ac enim in tempor turpis nec euismod scelerisque quam turpis adipiscing lorem vitae,Morbi a ipsum. Integer a nibh. In quis justo.,748.36,20.73,home decor,porta volutpat quam pede lobortis ligula sit amet eleifend pede libero quis orci nullam molestie nibh in,571,Puce,medium,0.4,fermentum justo nec condimentum neque sapien placerat ante nulla justo aliquam quis turpis eget,2019-12-24,4.4,534,magnis dis parturient montes nascetur ridiculus mus vivamus vestibulum sagittis sapien cum sociis natoque penatibus et magnis dis parturient montes,3.0,891,standard,29.8
45,massa id lobortis convallis tortor risus dapibus augue vel accumsan tellus nisi eu,"Cras pellentesque volutpat dui. Maecenas tristique, est et tempus semper, est quam pharetra magna, ac consequat metus sapien ut nunc.",991.55,43.31,clothing,ut ultrices vel augue vestibulum ante ipsum primis in faucibus orci luctus et ultrices posuere cubilia curae,20,Purple,small,7.6,sit amet nulla quisque arcu libero rutrum ac lobortis vel,2019-10-26,3.8,812,phasellus id sapien in sapien iaculis congue vivamus metus arcu adipiscing molestie hendrerit,2.6,160,standard,36.93
46,cubilia curae duis faucibus accumsan odio curabitur convallis duis consequat,"Etiam vel augue. Vestibulum rutrum rutrum neque. Aenean auctor gravida sem. Praesent id massa id nisl venenatis lacinia. Aenean sit amet justo. Morbi ut odio. Cras mi pede, malesuada in, imperdiet et, commodo vulputate, justo.",675.19,12.59,toys,id turpis integer aliquet massa id lobortis convallis tortor risus dapibus augue vel accumsan,0,Teal,extra large,1.8,nunc rhoncus dui vel sem sed sagittis nam congue risus semper porta volutpat quam pede lobortis ligula sit,2011-02-08,4.4,274,sapien iaculis congue vivamus metus arcu adipiscing molestie hendrerit at vulputate vitae nisl aenean lectus pellentesque eget nunc,3.0,649,free,15.48
47,lobortis convallis tortor risus dapibus augue vel accumsan tellus nisi eu,In sagittis dui vel nisl. Duis ac nibh.,487.6,31.26,clothing,nulla nunc purus phasellus in felis donec semper sapien a libero nam dui proin leo odio porttitor id,410,Blue,medium,8.3,tempor convallis nulla neque libero convallis eget eleifend luctus ultricies eu nibh,2010-06-05,4.2,721,ac consequat metus sapien ut nunc vestibulum ante ipsum primis in faucibus orci luctus et ultrices,4.9,87,standard,1.7
48,sed accumsan felis ut at dolor quis odio consequat varius integer ac leo pellentesque ultrices,"Aliquam sit amet diam in magna bibendum imperdiet. Nullam orci pede, venenatis non, sodales sed, tincidunt eu, felis. Fusce posuere felis sed lacus. Morbi sem mauris, laoreet ut, rhoncus aliquet, pulvinar sed, nisl. Nunc rhoncus dui vel sem. Sed sagittis.",803.41,47.46,electronics,vulputate nonummy maecenas tincidunt lacus at velit vivamus vel nulla eget,736,Green,small,1.8,duis aliquam convallis nunc proin at turpis a pede posuere nonummy integer non velit donec diam neque vestibulum,2022-02-02,1.1,401,quam nec dui luctus rutrum nulla tellus in sagittis dui vel nisl duis,1.7,567,free,15.77
49,vel accumsan tellus nisi eu orci mauris lacinia sapien quis libero nullam sit amet turpis elementum ligula,"Aenean lectus. Pellentesque eget nunc. Donec quis orci eget orci vehicula condimentum. Curabitur in libero ut massa volutpat convallis. Morbi odio odio, elementum eu, interdum eu, tincidunt in, leo. Maecenas pulvinar lobortis est. Phasellus sit amet erat.",723.64,1.95,electronics,ante vel ipsum praesent blandit lacinia erat vestibulum sed magna at nunc commodo placerat praesent blandit,536,Aquamarine,extra large,6.6,quam turpis adipiscing lorem vitae mattis nibh ligula nec sem duis aliquam convallis nunc proin at turpis a pede,2010-03-19,4.8,560,urna ut tellus nulla ut erat id mauris vulputate elementum nullam,4.9,585,express,23.4
50,duis ac nibh fusce lacus purus aliquet at feugiat non pretium quis lectus suspendisse potenti in eleifend quam,"Maecenas pulvinar lobortis est. Phasellus sit amet erat. Nulla tempus. Vivamus in felis eu sapien cursus vestibulum. Proin eu mi. Nulla ac enim. In tempor, turpis nec euismod scelerisque, quam turpis adipiscing lorem, vitae mattis nibh ligula nec sem. Duis aliquam convallis nunc. Proin at turpis a pede posuere nonummy. Integer non velit.",232.93,40.43,clothing,nascetur ridiculus mus vivamus vestibulum sagittis sapien cum sociis natoque penatibus et magnis dis,441,Yellow,large,3.0,nunc viverra dapibus nulla suscipit ligula in lacus curabitur at,2013-12-21,1.5,453,quam a odio in hac habitasse platea dictumst maecenas ut massa quis augue luctus tincidunt nulla mollis molestie,3.7,371,standard,38.71
51,ac diam cras pellentesque volutpat dui maecenas tristique est et tempus semper est quam pharetra,"Aliquam non mauris. Morbi non lectus. Aliquam sit amet diam in magna bibendum imperdiet. Nullam orci pede, venenatis non, sodales sed, tincidunt eu, felis. Fusce posuere felis sed lacus. Morbi sem mauris, laoreet ut, rhoncus aliquet, pulvinar sed, nisl.",354.89,12.02,home decor,pede morbi porttitor lorem id ligula suspendisse ornare consequat lectus,324,Mauv,large,4.4,tellus nisi eu orci mauris lacinia sapien quis libero nullam sit amet turpis elementum ligula vehicula consequat morbi a ipsum,2018-11-25,1.2,331,luctus et ultrices posuere cubilia curae duis faucibus accumsan odio curabitur convallis duis,2.7,917,standard,46.97
52,blandit non interdum in ante vestibulum ante ipsum primis in faucibus orci luctus et ultrices posuere,"Cum sociis natoque penatibus et magnis dis parturient montes, nascetur ridiculus mus. Vivamus vestibulum sagittis sapien.",784.11,11.54,home decor,est lacinia nisi venenatis tristique fusce congue diam id ornare imperdiet sapien urna pretium nisl ut volutpat,502,Maroon,extra large,7.7,donec ut dolor morbi vel lectus in quam fringilla rhoncus mauris enim,2013-01-24,4.2,964,quisque erat eros viverra eget congue eget semper rutrum nulla,4.0,807,standard,19.82
53,volutpat eleifend donec ut dolor morbi vel lectus in quam fringilla rhoncus mauris enim leo rhoncus sed vestibulum sit,"In hac habitasse platea dictumst. Maecenas ut massa quis augue luctus tincidunt. Nulla mollis molestie lorem. Quisque ut erat. Curabitur gravida nisi at nibh. In hac habitasse platea dictumst. Aliquam augue quam, sollicitudin vitae, consectetuer eget, rutrum at, lorem. Integer tincidunt ante vel ipsum.",343.91,33.03,electronics,neque vestibulum eget vulputate ut ultrices vel augue vestibulum ante ipsum primis in,502,Maroon,medium,5.7,neque vestibulum eget vulputate ut ultrices vel augue vestibulum ante ipsum,2019-08-09,4.7,574,platea dictumst morbi vestibulum velit id pretium iaculis diam erat fermentum justo nec condimentum neque sapien,3.2,279,standard,26.35
54,amet diam in magna bibendum imperdiet nullam orci pede venenatis non,"Proin at turpis a pede posuere nonummy. Integer non velit. Donec diam neque, vestibulum eget, vulputate ut, ultrices vel, augue. Vestibulum ante ipsum primis in faucibus orci luctus et ultrices posuere cubilia Curae; Donec pharetra, magna vestibulum aliquet ultrices, erat tortor sollicitudin mi, sit amet lobortis sapien sapien non mi. Integer ac neque.",848.75,13.73,toys,in hac habitasse platea dictumst maecenas ut massa quis augue luctus tincidunt,920,Yellow,medium,7.1,est et tempus semper est quam pharetra magna ac consequat metus sapien ut nunc,2011-10-20,4.6,559,volutpat dui maecenas tristique est et tempus semper est quam pharetra magna ac consequat metus,4.3,171,free,18.58
55,vivamus metus arcu adipiscing molestie hendrerit at vulputate vitae nisl aenean lectus,Etiam vel augue.,172.33,36.19,clothing,orci nullam molestie nibh in lectus pellentesque at nulla suspendisse potenti cras in purus eu magna,700,Aquamarine,large,9.7,orci eget orci vehicula condimentum curabitur in libero ut massa volutpat convallis morbi odio odio elementum eu interdum eu,2019-07-31,4.7,654,non mattis pulvinar nulla pede ullamcorper augue a suscipit nulla elit ac,1.9,373,express,12.18
56,ac consequat metus sapien ut nunc vestibulum ante ipsum primis in faucibus orci luctus et,"Donec ut dolor. Morbi vel lectus in quam fringilla rhoncus. Mauris enim leo, rhoncus sed, vestibulum sit amet, cursus id, turpis. Integer aliquet, massa id lobortis convallis, tortor risus dapibus augue, vel accumsan tellus nisi eu orci. Mauris lacinia sapien quis libero.",314.78,24.94,clothing,magnis dis parturient montes nascetur ridiculus mus etiam vel augue vestibulum rutrum rutrum neque aenean auctor gravida sem praesent,725,Purple,medium,5.9,hac habitasse platea dictumst aliquam augue quam sollicitudin vitae consectetuer,2015-10-20,4.6,468,blandit ultrices enim lorem ipsum dolor sit amet consectetuer adipiscing elit proin interdum mauris non ligula pellentesque ultrices phasellus id,3.2,711,free,1.53
57,velit donec diam neque vestibulum eget vulputate ut ultrices vel,"Vivamus metus arcu, adipiscing molestie, hendrerit at, vulputate vitae, nisl. Aenean lectus. Pellentesque eget nunc. Donec quis orci eget orci vehicula condimentum. Curabitur in libero ut massa volutpat convallis.",597.16,27.75,beauty,nulla dapibus dolor vel est donec odio justo sollicitudin ut suscipit a feugiat et eros vestibulum ac est lacinia,554,Violet,extra large,6.1,ut massa quis augue luctus tincidunt nulla mollis molestie lorem quisque ut erat curabitur gravida nisi at nibh,2013-12-28,4.0,732,eget eros elementum pellentesque quisque porta volutpat erat quisque erat eros viverra eget,1.6,644,free,34.79
58,donec ut dolor morbi vel lectus in quam fringilla rhoncus mauris,Suspendisse potenti. In eleifend quam a odio. In hac habitasse platea dictumst.,881.24,41.83,toys,sit amet turpis elementum ligula vehicula consequat morbi a ipsum,621,Purple,large,1.4,pellentesque ultrices phasellus id sapien in sapien iaculis congue vivamus metus arcu adipiscing molestie hendrerit,2016-06-14,4.5,864,in purus eu magna vulputate luctus cum sociis natoque penatibus et magnis dis parturient montes nascetur ridiculus mus vivamus vestibulum,2.4,181,free,24.91
59,neque vestibulum eget vulputate ut ultrices vel augue vestibulum ante ipsum primis in faucibus orci luctus et ultrices posuere cubilia,"Aenean sit amet justo. Morbi ut odio. Cras mi pede, malesuada in, imperdiet et, commodo vulputate, justo. In blandit ultrices enim. Lorem ipsum dolor sit amet, consectetuer adipiscing elit. Proin interdum mauris non ligula pellentesque ultrices.",334.62,32.32,beauty,id lobortis convallis tortor risus dapibus augue vel accumsan tellus nisi,110,Turquoise,medium,0.7,integer ac neque duis bibendum morbi non quam nec dui luctus rutrum nulla tellus in sagittis dui vel nisl duis,2010-04-17,1.3,304,dictumst etiam faucibus cursus urna ut tellus nulla ut erat,3.7,353,free,14.5
60,id massa id nisl venenatis lacinia aenean sit amet justo morbi ut odio cras,"Mauris enim leo, rhoncus sed, vestibulum sit amet, cursus id, turpis. Integer aliquet, massa id lobortis convallis, tortor risus dapibus augue, vel accumsan tellus nisi eu orci.",762.62,14.95,home decor,eu felis fusce posuere felis sed lacus morbi sem mauris laoreet,901,Violet,medium,5.2,quis augue luctus tincidunt nulla mollis molestie lorem quisque ut erat curabitur,2019-06-12,4.5,622,enim blandit mi in porttitor pede justo eu massa donec dapibus duis at,2.2,746,standard,30.66
61,convallis morbi odio odio elementum eu interdum eu tincidunt in,"Vestibulum ac est lacinia nisi venenatis tristique. Fusce congue, diam id ornare imperdiet, sapien urna pretium nisl, ut volutpat sapien arcu sed augue. Aliquam erat volutpat. In congue. Etiam justo. Etiam pretium iaculis justo. In hac habitasse platea dictumst. Etiam faucibus cursus urna. Ut tellus. Nulla ut erat id mauris vulputate elementum.",301.3,37.72,toys,curae mauris viverra diam vitae quam suspendisse potenti nullam porttitor lacus at,808,Red,large,9.8,est risus auctor sed tristique in tempus sit amet sem fusce consequat nulla nisl nunc nisl duis bibendum felis sed,2012-04-16,3.8,148,volutpat in congue etiam justo etiam pretium iaculis justo in hac habitasse platea dictumst etiam faucibus cursus urna,2.2,18,free,24.48
62,arcu sed augue aliquam erat volutpat in congue etiam justo etiam pretium iaculis justo,Suspendisse potenti. In eleifend quam a odio.,979.65,18.91,home decor,cras non velit nec nisi vulputate nonummy maecenas tincidunt lacus at velit vivamus vel nulla eget eros elementum,806,Teal,small,7.9,aenean fermentum donec ut mauris eget massa tempor convallis nulla neque libero convallis,2016-12-07,3.9,414,velit donec diam neque vestibulum eget vulputate ut ultrices vel augue,1.9,96,free,32.39
63,nam ultrices libero non mattis pulvinar nulla pede ullamcorper augue a,Etiam justo. Etiam pretium iaculis justo. In hac habitasse platea dictumst. Etiam faucibus cursus urna. Ut tellus. Nulla ut erat id mauris vulputate elementum.,951.14,37.61,toys,posuere nonummy integer non velit donec diam neque vestibulum eget vulputate ut ultrices vel augue vestibulum,761,Turquoise,medium,7.1,orci luctus et ultrices posuere cubilia curae mauris viverra diam vitae quam suspendisse potenti,2017-02-26,2.6,896,semper sapien a libero nam dui proin leo odio porttitor id consequat in consequat ut,2.3,245,express,7.67
64,eget eros elementum pellentesque quisque porta volutpat erat quisque erat,"Fusce congue, diam id ornare imperdiet, sapien urna pretium nisl, ut volutpat sapien arcu sed augue.",200.72,1.65,toys,consequat metus sapien ut nunc vestibulum ante ipsum primis in faucibus orci luctus et ultrices posuere cubilia curae,542,Puce,medium,6.5,luctus cum sociis natoque penatibus et magnis dis parturient montes nascetur ridiculus mus vivamus vestibulum sagittis,2018-11-01,1.4,480,et magnis dis parturient montes nascetur ridiculus mus etiam vel,3.5,738,free,25.74
65,odio condimentum id luctus nec molestie sed justo pellentesque viverra pede ac diam cras pellentesque volutpat,Vestibulum rutrum rutrum neque. Aenean auctor gravida sem. Praesent id massa id nisl venenatis lacinia.,490.3,1.3,clothing,ipsum aliquam non mauris morbi non lectus aliquam sit amet diam in magna bibendum imperdiet nullam orci pede,516,Red,large,9.2,augue vestibulum rutrum rutrum neque aenean auctor gravida sem praesent,2017-08-31,4.9,364,ligula nec sem duis aliquam convallis nunc proin at turpis a pede posuere nonummy,1.3,730,express,36.39
66,proin at turpis a pede posuere nonummy integer non velit donec diam neque vestibulum eget vulputate ut ultrices,"Aenean fermentum. Donec ut mauris eget massa tempor convallis. Nulla neque libero, convallis eget, eleifend luctus, ultricies eu, nibh. Quisque id justo sit amet sapien dignissim vestibulum.",127.35,6.52,toys,accumsan tellus nisi eu orci mauris lacinia sapien quis libero nullam sit amet turpis elementum ligula vehicula consequat morbi a,710,Mauv,small,6.4,dolor morbi vel lectus in quam fringilla rhoncus mauris enim leo rhoncus sed,2012-05-11,2.2,293,duis aliquam convallis nunc proin at turpis a pede posuere nonummy integer non velit donec diam neque vestibulum,2.1,636,standard,40.93
67,suscipit nulla elit ac nulla sed vel enim sit amet nunc viverra,Vivamus vel nulla eget eros elementum pellentesque. Quisque porta volutpat erat.,672.82,39.58,home decor,facilisi cras non velit nec nisi vulputate nonummy maecenas tincidunt lacus at velit vivamus vel nulla eget eros elementum pellentesque,849,Teal,large,0.4,sem fusce consequat nulla nisl nunc nisl duis bibendum felis sed interdum venenatis,2014-12-16,4.4,442,orci luctus et ultrices posuere cubilia curae donec pharetra magna vestibulum aliquet ultrices erat tortor sollicitudin mi sit amet,3.6,763,free,14.03
68,augue quam sollicitudin vitae consectetuer eget rutrum at lorem integer tincidunt,"In quis justo. Maecenas rhoncus aliquam lacus. Morbi quis tortor id nulla ultrices aliquet. Maecenas leo odio, condimentum id, luctus nec, molestie sed, justo. Pellentesque viverra pede ac diam. Cras pellentesque volutpat dui. Maecenas tristique, est et tempus semper, est quam pharetra magna, ac consequat metus sapien ut nunc.",139.84,38.49,toys,nunc commodo placerat praesent blandit nam nulla integer pede justo lacinia eget,396,Goldenrod,extra large,8.1,maecenas ut massa quis augue luctus tincidunt nulla mollis molestie lorem quisque ut erat curabitur,2014-03-26,4.4,622,aenean sit amet justo morbi ut odio cras mi pede malesuada in,2.2,790,standard,11.93
69,mauris morbi non lectus aliquam sit amet diam in magna bibendum imperdiet nullam orci pede venenatis non sodales sed,"Vivamus metus arcu, adipiscing molestie, hendrerit at, vulputate vitae, nisl. Aenean lectus. Pellentesque eget nunc.",721.26,46.17,beauty,quis orci eget orci vehicula condimentum curabitur in libero ut massa volutpat convallis morbi odio,995,Violet,large,3.1,vulputate elementum nullam varius nulla facilisi cras non velit nec nisi vulputate nonummy maecenas tincidunt lacus,2017-06-08,3.1,457,mi pede malesuada in imperdiet et commodo vulputate justo in blandit ultrices enim lorem ipsum dolor sit,2.5,368,express,37.24
70,est risus auctor sed tristique in tempus sit amet sem fusce consequat nulla nisl nunc nisl duis bibendum felis,Morbi a ipsum.,411.55,18.52,electronics,nibh fusce lacus purus aliquet at feugiat non pretium quis lectus suspendisse potenti in,1000,Goldenrod,small,4.3,pede lobortis ligula sit amet eleifend pede libero quis orci nullam molestie nibh in lectus pellentesque,2017-03-07,4.8,53,quisque porta volutpat erat quisque erat eros viverra eget congue eget semper rutrum nulla nunc purus phasellus in felis,5.0,470,standard,30.11
71,in magna bibendum imperdiet nullam orci pede venenatis non sodales sed tincidunt eu felis fusce posuere felis sed lacus morbi,"Pellentesque at nulla. Suspendisse potenti. Cras in purus eu magna vulputate luctus. Cum sociis natoque penatibus et magnis dis parturient montes, nascetur ridiculus mus. Vivamus vestibulum sagittis sapien.",283.56,25.4,clothing,nulla justo aliquam quis turpis eget elit sodales scelerisque mauris sit amet eros suspendisse accumsan tortor quis,276,Maroon,medium,5.9,praesent lectus vestibulum quam sapien varius ut blandit non interdum in ante,2011-03-30,2.7,559,lorem ipsum dolor sit amet consectetuer adipiscing elit proin interdum mauris non ligula,3.6,517,express,14.73
72,sem sed sagittis nam congue risus semper porta volutpat quam pede lobortis ligula sit amet eleifend pede libero,"Donec dapibus. Duis at velit eu est congue elementum. In hac habitasse platea dictumst. Morbi vestibulum, velit id pretium iaculis, diam erat fermentum justo, nec condimentum neque sapien placerat ante. Nulla justo. Aliquam quis turpis eget elit sodales scelerisque. Mauris sit amet eros. Suspendisse accumsan tortor quis turpis.",567.98,41.53,clothing,lectus suspendisse potenti in eleifend quam a odio in hac habitasse platea dictumst,519,Purple,large,4.9,lobortis est phasellus sit amet erat nulla tempus vivamus in felis eu sapien cursus vestibulum proin eu mi nulla ac,2019-06-28,3.6,574,maecenas leo odio condimentum id luctus nec molestie sed justo pellentesque viverra pede,1.3,163,free,36.15
73,id luctus nec molestie sed justo pellentesque viverra pede ac diam cras pellentesque volutpat,"Nullam porttitor lacus at turpis. Donec posuere metus vitae ipsum. Aliquam non mauris. Morbi non lectus. Aliquam sit amet diam in magna bibendum imperdiet. Nullam orci pede, venenatis non, sodales sed, tincidunt eu, felis. Fusce posuere felis sed lacus.",250.72,7.61,toys,pede venenatis non sodales sed tincidunt eu felis fusce posuere felis sed lacus morbi sem mauris,213,Mauv,large,2.9,in faucibus orci luctus et ultrices posuere cubilia curae mauris viverra,2013-02-27,1.6,770,sed interdum venenatis turpis enim blandit mi in porttitor pede justo eu massa donec dapibus duis,2.9,48,standard,27.95
74,rutrum nulla nunc purus phasellus in felis donec semper sapien a libero nam dui proin leo odio porttitor id consequat,In congue. Etiam justo.,432.08,19.07,toys,aliquam non mauris morbi non lectus aliquam sit amet diam in,731,Puce,medium,6.6,tortor risus dapibus augue vel accumsan tellus nisi eu orci,2019-10-09,1.6,181,lectus aliquam sit amet diam in magna bibendum imperdiet nullam orci pede venenatis non sodales sed tincidunt eu felis fusce,4.4,772,free,16.89
75,maecenas tincidunt lacus at velit vivamus vel nulla eget eros elementum pellentesque quisque porta volutpat,Praesent id massa id nisl venenatis lacinia. Aenean sit amet justo. Morbi ut odio.,50.23,30.9,electronics,odio curabitur convallis duis consequat dui nec nisi volutpat eleifend donec ut dolor morbi vel lectus in quam,370,Orange,large,8.7,a ipsum integer a nibh in quis justo maecenas rhoncus aliquam lacus,2015-01-19,4.8,993,morbi non quam nec dui luctus rutrum nulla tellus in sagittis dui vel nisl,3.4,963,standard,47.48
76,ante vestibulum ante ipsum primis in faucibus orci luctus et ultrices posuere cubilia curae duis faucibus accumsan,"In blandit ultrices enim. Lorem ipsum dolor sit amet, consectetuer adipiscing elit. Proin interdum mauris non ligula pellentesque ultrices. Phasellus id sapien in sapien iaculis congue. Vivamus metus arcu, adipiscing molestie, hendrerit at, vulputate vitae, nisl. Aenean lectus. Pellentesque eget nunc. Donec quis orci eget orci vehicula condimentum.",626.46,39.99,toys,et commodo vulputate justo in blandit ultrices enim lorem ipsum dolor sit amet consectetuer adipiscing elit proin,661,Teal,small,6.4,at velit vivamus vel nulla eget eros elementum pellentesque quisque porta volutpat erat quisque erat eros viverra,2022-06-24,2.7,871,lacus morbi sem mauris laoreet ut rhoncus aliquet pulvinar sed,3.2,916,standard,4.95
77,est et tempus semper est quam pharetra magna ac consequat metus sapien ut nunc vestibulum ante ipsum,Nullam porttitor lacus at turpis. Donec posuere metus vitae ipsum.,262.45,9.19,electronics,vel est donec odio justo sollicitudin ut suscipit a feugiat et eros vestibulum ac,486,Green,medium,1.0,sed magna at nunc commodo placerat praesent blandit nam nulla integer pede justo lacinia eget tincidunt eget tempus,2017-09-21,4.8,77,orci vehicula condimentum curabitur in libero ut massa volutpat convallis morbi odio odio elementum eu interdum eu tincidunt in leo,2.0,795,standard,0.44
78,ipsum primis in faucibus orci luctus et ultrices posuere cubilia curae mauris viverra diam vitae quam suspendisse,"Curabitur at ipsum ac tellus semper interdum. Mauris ullamcorper purus sit amet nulla. Quisque arcu libero, rutrum ac, lobortis vel, dapibus at, diam.",936.54,23.74,beauty,ultrices erat tortor sollicitudin mi sit amet lobortis sapien sapien non mi integer ac,642,Fuscia,extra large,4.0,vestibulum rutrum rutrum neque aenean auctor gravida sem praesent id massa id nisl venenatis lacinia aenean,2010-12-30,1.7,187,ipsum primis in faucibus orci luctus et ultrices posuere cubilia curae nulla dapibus,1.3,800,free,11.87
79,ante ipsum primis in faucibus orci luctus et ultrices posuere cubilia curae mauris viverra diam vitae quam suspendisse potenti nullam,Mauris sit amet eros. Suspendisse accumsan tortor quis turpis. Sed ante.,52.59,26.86,toys,pellentesque quisque porta volutpat erat quisque erat eros viverra eget congue eget semper rutrum nulla,816,Khaki,medium,1.5,suspendisse potenti in eleifend quam a odio in hac habitasse platea,2014-05-28,3.7,236,sociis natoque penatibus et magnis dis parturient montes nascetur ridiculus mus vivamus,2.7,800,free,36.88
80,blandit ultrices enim lorem ipsum dolor sit amet consectetuer adipiscing elit,"Donec posuere metus vitae ipsum. Aliquam non mauris. Morbi non lectus. Aliquam sit amet diam in magna bibendum imperdiet. Nullam orci pede, venenatis non, sodales sed, tincidunt eu, felis. Fusce posuere felis sed lacus. Morbi sem mauris, laoreet ut, rhoncus aliquet, pulvinar sed, nisl.",987.08,23.2,clothing,dictumst aliquam augue quam sollicitudin vitae consectetuer eget rutrum at lorem integer tincidunt,300,Green,small,4.3,massa donec dapibus duis at velit eu est congue elementum in hac habitasse platea dictumst morbi,2010-03-08,2.4,428,convallis morbi odio odio elementum eu interdum eu tincidunt in leo maecenas pulvinar lobortis est phasellus sit amet erat nulla,1.5,347,free,43.66
81,ipsum praesent blandit lacinia erat vestibulum sed magna at nunc commodo,"In hac habitasse platea dictumst. Maecenas ut massa quis augue luctus tincidunt. Nulla mollis molestie lorem. Quisque ut erat. Curabitur gravida nisi at nibh. In hac habitasse platea dictumst. Aliquam augue quam, sollicitudin vitae, consectetuer eget, rutrum at, lorem.",148.96,16.01,toys,id turpis integer aliquet massa id lobortis convallis tortor risus dapibus augue,404,Khaki,small,4.8,luctus nec molestie sed justo pellentesque viverra pede ac diam cras pellentesque volutpat dui maecenas tristique est,2016-06-02,2.7,456,leo rhoncus sed vestibulum sit amet cursus id turpis integer,3.2,331,free,36.24
82,metus sapien ut nunc vestibulum ante ipsum primis in faucibus orci luctus et ultrices posuere cubilia curae mauris viverra diam,"Nunc rhoncus dui vel sem. Sed sagittis. Nam congue, risus semper porta volutpat, quam pede lobortis ligula, sit amet eleifend pede libero quis orci.",148.22,25.93,beauty,ante vivamus tortor duis mattis egestas metus aenean fermentum donec ut mauris,509,Yellow,medium,2.9,orci nullam molestie nibh in lectus pellentesque at nulla suspendisse potenti cras in purus eu magna vulputate luctus,2014-11-22,3.3,138,id pretium iaculis diam erat fermentum justo nec condimentum neque sapien placerat ante nulla justo aliquam quis,4.7,455,standard,5.74
83,et ultrices posuere cubilia curae mauris viverra diam vitae quam suspendisse potenti nullam porttitor,"Cras in purus eu magna vulputate luctus. Cum sociis natoque penatibus et magnis dis parturient montes, nascetur ridiculus mus. Vivamus vestibulum sagittis sapien. Cum sociis natoque penatibus et magnis dis parturient montes, nascetur ridiculus mus. Etiam vel augue. Vestibulum rutrum rutrum neque. Aenean auctor gravida sem.",932.41,46.47,beauty,at nulla suspendisse potenti cras in purus eu magna vulputate luctus cum sociis natoque penatibus et magnis,220,Turquoise,medium,8.9,nisi vulputate nonummy maecenas tincidunt lacus at velit vivamus vel nulla eget eros elementum pellentesque quisque,2016-05-17,2.5,468,aliquam erat volutpat in congue etiam justo etiam pretium iaculis justo in hac habitasse,1.5,209,standard,27.74
84,aenean fermentum donec ut mauris eget massa tempor convallis nulla neque libero convallis eget eleifend luctus,"Vestibulum ante ipsum primis in faucibus orci luctus et ultrices posuere cubilia Curae; Donec pharetra, magna vestibulum aliquet ultrices, erat tortor sollicitudin mi, sit amet lobortis sapien sapien non mi. Integer ac neque. Duis bibendum. Morbi non quam nec dui luctus rutrum. Nulla tellus. In sagittis dui vel nisl.",394.1,32.86,beauty,et eros vestibulum ac est lacinia nisi venenatis tristique fusce congue diam id ornare imperdiet sapien,684,Red,medium,4.7,phasellus in felis donec semper sapien a libero nam dui proin leo odio porttitor id consequat in,2017-12-20,1.2,175,ligula pellentesque ultrices phasellus id sapien in sapien iaculis congue vivamus metus arcu adipiscing molestie hendrerit,4.8,275,free,39.59
85,lacus at velit vivamus vel nulla eget eros elementum pellentesque quisque porta volutpat erat quisque erat eros viverra eget,"Etiam vel augue. Vestibulum rutrum rutrum neque. Aenean auctor gravida sem. Praesent id massa id nisl venenatis lacinia. Aenean sit amet justo. Morbi ut odio. Cras mi pede, malesuada in, imperdiet et, commodo vulputate, justo. In blandit ultrices enim. Lorem ipsum dolor sit amet, consectetuer adipiscing elit. Proin interdum mauris non ligula pellentesque ultrices.",18.59,13.59,home decor,mauris viverra diam vitae quam suspendisse potenti nullam porttitor lacus,787,Crimson,large,6.7,potenti cras in purus eu magna vulputate luctus cum sociis natoque,2018-05-03,3.1,275,bibendum felis sed interdum venenatis turpis enim blandit mi in porttitor pede justo eu massa donec dapibus duis at,1.8,958,express,33.19
86,non ligula pellentesque ultrices phasellus id sapien in sapien iaculis congue vivamus metus arcu adipiscing molestie hendrerit at vulputate vitae,"Morbi non lectus. Aliquam sit amet diam in magna bibendum imperdiet. Nullam orci pede, venenatis non, sodales sed, tincidunt eu, felis. Fusce posuere felis sed lacus. Morbi sem mauris, laoreet ut, rhoncus aliquet, pulvinar sed, nisl. Nunc rhoncus dui vel sem.",795.81,34.3,clothing,lacus at velit vivamus vel nulla eget eros elementum pellentesque quisque,605,Mauv,medium,5.6,nulla mollis molestie lorem quisque ut erat curabitur gravida nisi at,2022-03-02,3.0,268,condimentum neque sapien placerat ante nulla justo aliquam quis turpis eget elit sodales scelerisque mauris sit amet,4.3,788,express,28.47
87,proin leo odio porttitor id consequat in consequat ut nulla sed accumsan felis ut at dolor quis odio consequat,"Morbi ut odio. Cras mi pede, malesuada in, imperdiet et, commodo vulputate, justo. In blandit ultrices enim. Lorem ipsum dolor sit amet, consectetuer adipiscing elit. Proin interdum mauris non ligula pellentesque ultrices. Phasellus id sapien in sapien iaculis congue. Vivamus metus arcu, adipiscing molestie, hendrerit at, vulputate vitae, nisl.",147.71,1.29,electronics,cum sociis natoque penatibus et magnis dis parturient montes nascetur ridiculus mus vivamus,226,Mauv,small,5.6,primis in faucibus orci luctus et ultrices posuere cubilia curae mauris,2022-09-27,3.4,436,venenatis turpis enim blandit mi in porttitor pede justo eu massa donec dapibus duis at velit,4.4,741,standard,19.89
88,ultricies eu nibh quisque id justo sit amet sapien dignissim vestibulum vestibulum ante ipsum primis in faucibus orci luctus,"Quisque id justo sit amet sapien dignissim vestibulum. Vestibulum ante ipsum primis in faucibus orci luctus et ultrices posuere cubilia Curae; Nulla dapibus dolor vel est. Donec odio justo, sollicitudin ut, suscipit a, feugiat et, eros. Vestibulum ac est lacinia nisi venenatis tristique. Fusce congue, diam id ornare imperdiet, sapien urna pretium nisl, ut volutpat sapien arcu sed augue. Aliquam erat volutpat. In congue.",418.59,23.42,home decor,eros elementum pellentesque quisque porta volutpat erat quisque erat eros viverra eget congue eget semper rutrum nulla,75,Blue,small,3.3,in faucibus orci luctus et ultrices posuere cubilia curae donec,2010-08-03,3.2,800,ipsum dolor sit amet consectetuer adipiscing elit proin risus praesent lectus vestibulum quam,1.9,678,standard,30.75
89,lectus in quam fringilla rhoncus mauris enim leo rhoncus sed vestibulum sit amet cursus id turpis,"Vivamus tortor. Duis mattis egestas metus. Aenean fermentum. Donec ut mauris eget massa tempor convallis. Nulla neque libero, convallis eget, eleifend luctus, ultricies eu, nibh.",927.71,30.2,home decor,ipsum dolor sit amet consectetuer adipiscing elit proin interdum mauris non,494,Aquamarine,small,3.3,elementum eu interdum eu tincidunt in leo maecenas pulvinar lobortis est phasellus sit amet erat nulla tempus vivamus,2012-11-14,3.9,250,vulputate elementum nullam varius nulla facilisi cras non velit nec nisi vulputate nonummy maecenas tincidunt lacus at velit vivamus,1.9,944,express,39.74
90,in blandit ultrices enim lorem ipsum dolor sit amet consectetuer adipiscing elit proin interdum mauris non ligula pellentesque,"Curabitur gravida nisi at nibh. In hac habitasse platea dictumst. Aliquam augue quam, sollicitudin vitae, consectetuer eget, rutrum at, lorem. Integer tincidunt ante vel ipsum. Praesent blandit lacinia erat.",587.86,41.28,electronics,ipsum praesent blandit lacinia erat vestibulum sed magna at nunc commodo,569,Teal,small,4.7,praesent id massa id nisl venenatis lacinia aenean sit amet justo morbi ut odio cras mi pede,2013-04-16,3.6,993,dui maecenas tristique est et tempus semper est quam pharetra,3.6,846,express,33.19
91,vulputate justo in blandit ultrices enim lorem ipsum dolor sit amet,Etiam faucibus cursus urna. Ut tellus. Nulla ut erat id mauris vulputate elementum. Nullam varius. Nulla facilisi. Cras non velit nec nisi vulputate nonummy. Maecenas tincidunt lacus at velit. Vivamus vel nulla eget eros elementum pellentesque. Quisque porta volutpat erat.,865.04,33.46,toys,penatibus et magnis dis parturient montes nascetur ridiculus mus etiam vel augue,584,Crimson,small,9.7,nulla quisque arcu libero rutrum ac lobortis vel dapibus at diam nam tristique tortor eu,2012-09-25,2.8,634,mollis molestie lorem quisque ut erat curabitur gravida nisi at nibh in hac,2.1,829,standard,31.51
92,justo pellentesque viverra pede ac diam cras pellentesque volutpat dui maecenas tristique est et,"Quisque porta volutpat erat. Quisque erat eros, viverra eget, congue eget, semper rutrum, nulla. Nunc purus. Phasellus in felis. Donec semper sapien a libero. Nam dui. Proin leo odio, porttitor id, consequat in, consequat ut, nulla. Sed accumsan felis. Ut at dolor quis odio consequat varius. Integer ac leo.",917.56,15.36,toys,sed vel enim sit amet nunc viverra dapibus nulla suscipit ligula in lacus curabitur at,865,Purple,medium,2.0,quis orci nullam molestie nibh in lectus pellentesque at nulla suspendisse potenti cras in purus eu magna vulputate,2021-12-23,3.5,207,eget congue eget semper rutrum nulla nunc purus phasellus in felis donec semper sapien,3.3,273,express,45.5
93,at lorem integer tincidunt ante vel ipsum praesent blandit lacinia erat vestibulum sed magna,"Integer ac leo. Pellentesque ultrices mattis odio. Donec vitae nisi. Nam ultrices, libero non mattis pulvinar, nulla pede ullamcorper augue, a suscipit nulla elit ac nulla. Sed vel enim sit amet nunc viverra dapibus. Nulla suscipit ligula in lacus. Curabitur at ipsum ac tellus semper interdum. Mauris ullamcorper purus sit amet nulla.",772.29,49.64,toys,justo sit amet sapien dignissim vestibulum vestibulum ante ipsum primis in faucibus orci luctus et ultrices posuere cubilia curae,409,Violet,extra large,0.8,pede ac diam cras pellentesque volutpat dui maecenas tristique est et tempus semper est quam pharetra magna,2011-08-21,3.0,24,nulla suspendisse potenti cras in purus eu magna vulputate luctus cum,2.2,166,express,20.81
94,ultrices enim lorem ipsum dolor sit amet consectetuer adipiscing elit proin interdum mauris non ligula pellentesque,"Nulla facilisi. Cras non velit nec nisi vulputate nonummy. Maecenas tincidunt lacus at velit. Vivamus vel nulla eget eros elementum pellentesque. Quisque porta volutpat erat. Quisque erat eros, viverra eget, congue eget, semper rutrum, nulla. Nunc purus. Phasellus in felis.",760.09,36.4,beauty,lobortis est phasellus sit amet erat nulla tempus vivamus in felis eu sapien cursus,17,Khaki,large,5.4,vestibulum rutrum rutrum neque aenean auctor gravida sem praesent id massa id nisl venenatis lacinia aenean sit amet justo morbi,2021-03-03,3.0,604,convallis nulla neque libero convallis eget eleifend luctus ultricies eu nibh quisque id justo sit amet sapien dignissim,2.7,100,express,39.51
95,pretium nisl ut volutpat sapien arcu sed augue aliquam erat volutpat in congue etiam justo etiam pretium iaculis justo,"Duis bibendum, felis sed interdum venenatis, turpis enim blandit mi, in porttitor pede justo eu massa. Donec dapibus. Duis at velit eu est congue elementum. In hac habitasse platea dictumst.",740.32,45.0,clothing,ipsum primis in faucibus orci luctus et ultrices posuere cubilia curae donec pharetra magna vestibulum aliquet ultrices erat tortor,437,Crimson,large,8.1,mi nulla ac enim in tempor turpis nec euismod scelerisque quam turpis adipiscing lorem vitae mattis nibh ligula nec sem,2017-11-16,1.4,54,tincidunt lacus at velit vivamus vel nulla eget eros elementum,2.4,280,express,35.76
96,mattis egestas metus aenean fermentum donec ut mauris eget massa tempor convallis nulla neque libero convallis eget eleifend luctus ultricies,"Nunc rhoncus dui vel sem. Sed sagittis. Nam congue, risus semper porta volutpat, quam pede lobortis ligula, sit amet eleifend pede libero quis orci. Nullam molestie nibh in lectus.",615.62,0.4,electronics,donec semper sapien a libero nam dui proin leo odio porttitor id consequat in consequat ut nulla,879,Aquamarine,small,6.6,sed vestibulum sit amet cursus id turpis integer aliquet massa id lobortis convallis tortor risus dapibus augue,2022-03-10,3.8,440,sed vestibulum sit amet cursus id turpis integer aliquet massa id lobortis convallis tortor risus dapibus augue vel accumsan tellus,4.2,495,express,40.79
97,curae nulla dapibus dolor vel est donec odio justo sollicitudin ut suscipit a feugiat,"Sed ante. Vivamus tortor. Duis mattis egestas metus. Aenean fermentum. Donec ut mauris eget massa tempor convallis. Nulla neque libero, convallis eget, eleifend luctus, ultricies eu, nibh. Quisque id justo sit amet sapien dignissim vestibulum. Vestibulum ante ipsum primis in faucibus orci luctus et ultrices posuere cubilia Curae; Nulla dapibus dolor vel est. Donec odio justo, sollicitudin ut, suscipit a, feugiat et, eros. Vestibulum ac est lacinia nisi venenatis tristique.",38.14,48.2,clothing,faucibus orci luctus et ultrices posuere cubilia curae mauris viverra diam vitae quam suspendisse,10,Aquamarine,small,0.9,euismod scelerisque quam turpis adipiscing lorem vitae mattis nibh ligula nec sem duis aliquam,2018-11-29,3.1,845,convallis eget eleifend luctus ultricies eu nibh quisque id justo sit amet sapien dignissim vestibulum vestibulum,4.5,206,express,0.67
98,in hac habitasse platea dictumst morbi vestibulum velit id pretium iaculis diam erat fermentum justo nec condimentum neque sapien placerat,Sed ante. Vivamus tortor. Duis mattis egestas metus.,730.31,39.89,beauty,id nulla ultrices aliquet maecenas leo odio condimentum id luctus nec molestie sed justo pellentesque viverra pede ac,602,Turquoise,extra large,5.3,nisl aenean lectus pellentesque eget nunc donec quis orci eget orci vehicula condimentum curabitur in libero ut,2020-08-25,3.0,791,sapien in sapien iaculis congue vivamus metus arcu adipiscing molestie hendrerit at vulputate,2.1,253,standard,16.17
99,sapien in sapien iaculis congue vivamus metus arcu adipiscing molestie hendrerit at vulputate vitae nisl aenean lectus pellentesque eget,"Morbi sem mauris, laoreet ut, rhoncus aliquet, pulvinar sed, nisl. Nunc rhoncus dui vel sem. Sed sagittis. Nam congue, risus semper porta volutpat, quam pede lobortis ligula, sit amet eleifend pede libero quis orci. Nullam molestie nibh in lectus. Pellentesque at nulla. Suspendisse potenti. Cras in purus eu magna vulputate luctus.",896.1,31.85,toys,velit vivamus vel nulla eget eros elementum pellentesque quisque porta volutpat,599,Turquoise,small,9.1,duis bibendum felis sed interdum venenatis turpis enim blandit mi in porttitor pede justo eu massa donec dapibus duis,2012-01-27,4.7,872,porttitor id consequat in consequat ut nulla sed accumsan felis ut at dolor quis odio consequat,1.1,749,express,25.21
100,lectus in est risus auctor sed tristique in tempus sit amet sem fusce consequat nulla nisl nunc nisl duis bibendum,"Phasellus id sapien in sapien iaculis congue. Vivamus metus arcu, adipiscing molestie, hendrerit at, vulputate vitae, nisl. Aenean lectus. Pellentesque eget nunc. Donec quis orci eget orci vehicula condimentum. Curabitur in libero ut massa volutpat convallis. Morbi odio odio, elementum eu, interdum eu, tincidunt in, leo. Maecenas pulvinar lobortis est. Phasellus sit amet erat. Nulla tempus.",376.23,30.87,toys,risus semper porta volutpat quam pede lobortis ligula sit amet,305,Fuscia,small,1.0,donec quis orci eget orci vehicula condimentum curabitur in libero ut massa volutpat,2019-01-23,2.5,916,consequat lectus in est risus auctor sed tristique in tempus sit amet sem fusce consequat nulla nisl nunc,2.1,762,standard,22.19
