customer_id,first_name,last_name,email,phone_number,address,city,country,postal_code,loyalty_points
1,Richart,Castellani,rcastellani0@purevolume.com,245-781-7121,320 Browning Parkway,Solna,Sweden,171 78,392
2,Emelita,Koschke,ekoschke1@hubpages.com,793-402-8727,39211 Burning Wood Center,Alae,Philippines,2705,355
3,Crissie,Lenchenko,clenchenko2@baidu.com,639-100-2430,65 Brentwood Drive,Bartniczka,Poland,87-321,887
4,Claudina,Bampford,cbampford3@vk.com,663-852-6653,536 Clarendon Plaza,Gafsa,Tunisia,,501
5,Pincas,Sailor,psailor4@tuttocitta.it,592-589-0978,1007 Moland Junction,Bègles,France,33324 CEDEX,874
6,Rhoda,Schistl,rschistl5@imdb.com,676-262-0708,40542 Everett Avenue,Ejidal,Mexico,35069,940
7,Lianne,Dikes,ldikes6@gravatar.com,335-793-9063,529 Eggendart Street,Mikołów,Poland,43-196,417
8,Blayne,Porte,bporte7@squarespace.com,360-963-7991,78 Anthes Street,Kyshtym,Russia,456875,59
9,Armand,Gilbert,agilbert8@blog.com,926-640-5275,4224 Roth Center,Amagbagan,Philippines,2437,344
10,Katinka,Juszczyk,kjuszczyk9@sciencedaily.com,336-471-4781,9154 Roxbury Parkway,Dziergowice,Poland,47-244,283
11,Yvonne,Gimenez,ygimeneza@360.cn,631-448-8810,90677 Butterfield Hill,Kafr Baţnā,Syria,,281
12,Haze,Lurner,hlurnerb@sohu.com,168-104-0941,47 8th Terrace,Neftekamsk,Russia,452696,121
13,Olav,Fries,ofriesc@noaa.gov,440-252-1105,92019 5th Place,Łaziska Górne,Poland,43-173,478
14,Milton,Kennon,mkennond@elegantthemes.com,167-670-9206,55 Waxwing Plaza,Johor Bahru,Malaysia,80500,133
15,Thomasina,Rayer,trayere@storify.com,923-101-1783,52 Becker Parkway,Znamenskoye,Russia,303154,389
16,Maryanne,Theis,mtheisf@rambler.ru,461-548-5617,7979 Moland Pass,Mpika,Zambia,,2
17,Nance,Scandrett,nscandrettg@sourceforge.net,979-412-6725,2 Gale Circle,Velké Losiny,Czech Republic,788 15,487
18,Malory,Nobes,mnobesh@kickstarter.com,892-772-2710,7 Monument Drive,Yufrus,Yemen,,261
19,Brynn,Vallens,bvallensi@pen.io,152-454-9257,9083 Hanover Drive,Phrae,Thailand,54130,657
20,Teddy,Treadgall,ttreadgallj@phpbb.com,398-669-2988,630 Ridgeview Way,Paraty,Brazil,23970-000,636
21,Klement,Stobbes,kstobbesk@nyu.edu,853-160-2707,42 Reindahl Trail,Zhambyl,Kazakhstan,,634
22,Shaylah,Heinish,sheinishl@parallels.com,138-448-7421,88 Melrose Road,Gerakaroú,Greece,,633
23,Elfrieda,Munford,emunfordm@goo.ne.jp,183-416-2726,4 Cardinal Alley,Batu,Philippines,1144,36
24,Norman,Ferencz,nferenczn@webeden.co.uk,125-213-8811,626 Glacier Hill Hill,Calibungan,Philippines,2312,34
25,Ann-marie,Dureden,aduredeno@sina.com.cn,411-417-5086,513 Merry Alley,Amman,Jordan,,81
26,Fran,Poynser,fpoynserp@liveinternet.ru,748-456-9429,50374 Porter Parkway,Shypyntsi,Ukraine,,905
27,Constantino,Georgeson,cgeorgesonq@redcross.org,304-766-3784,0343 Sheridan Road,Tashla,Russia,461199,187
28,Nicolea,Cure,ncurer@alexa.com,965-996-1124,83385 Bluejay Junction,Raposos,Brazil,34400-000,53
29,Maryann,Skipsea,mskipseas@elegantthemes.com,274-674-0928,2 Sunbrook Street,Regueiro,Portugal,4960-462,909
30,Abeu,Riddell,ariddellt@weather.com,112-125-4560,2 Fulton Trail,Lourido,Portugal,4625-604,348
31,Flin,Esslemont,fesslemontu@surveymonkey.com,101-246-0025,89975 Granby Drive,Calheta de Nesquim,Portugal,9930-025,838
32,Francine,Fishwick,ffishwickv@earthlink.net,772-746-5766,55507 Kings Park,Aūa,American Samoa,96799,882
33,Morgen,Abelevitz,mabelevitzw@nih.gov,479-329-5136,98 Surrey Junction,Nový Bydžov,Czech Republic,504 01,100
34,Glen,Melsome,gmelsomex@usda.gov,122-812-8820,23562 Chive Pass,Zhagang,China,,191
35,Bail,Woodman,bwoodmany@toplist.cz,547-449-7043,36233 Maywood Trail,Salsipuedes,Dominican Republic,11005,900
36,Eberhard,McPherson,emcphersonz@ifeng.com,757-632-6947,1190 Fulton Place,Cilegi,Indonesia,,305
37,Cherie,Preator,cpreator10@barnesandnoble.com,820-223-3662,36562 Ridgeway Point,Futian,China,,443
38,Ulises,Aizic,uaizic11@angelfire.com,236-666-9584,70 Bowman Court,Lingdi,China,,545
39,Jackie,Omar,jomar12@ft.com,531-727-4174,72175 Fairfield Junction,Nesterovskaya,Russia,386250,451
40,Marlyn,Startin,mstartin13@github.io,434-353-5481,68245 Acker Park,Zafarwāl,Pakistan,80100,962
41,Cornelle,Eadie,ceadie14@japanpost.jp,999-629-7251,74 Corry Place,Hisor,Tajikistan,,389
42,Leonora,Johnstone,ljohnstone15@senate.gov,246-618-7517,1320 Erie Crossing,Miranda,Colombia,191529,540
43,Helsa,Knath,hknath16@delicious.com,799-348-8632,008 Myrtle Place,Savyon,Israel,,631
44,Quintilla,Meys,qmeys17@sciencedirect.com,297-314-0741,21 7th Point,Chengxiang,China,,125
45,Melinda,O'Keaveny,mokeaveny18@cyberchimps.com,460-163-6200,97920 Lake View Place,Urozhaynoye,Russia,361215,72
46,Erika,Pepi,epepi19@storify.com,148-159-1709,564 Dakota Point,Mi’ersi,China,,717
47,Viviana,Batch,vbatch1a@auda.org.au,609-416-3136,2 Dawn Point,Neochórion,Greece,,171
48,Grazia,Alessandone,galessandone1b@plala.or.jp,574-414-9124,8 Victoria Lane,Jēkabpils,Latvia,,346
49,Kore,Studdal,kstuddal1c@chron.com,951-225-8821,99 Surrey Plaza,Suugaant,Mongolia,,198
50,Kati,Scholer,kscholer1d@parallels.com,721-442-2023,55415 Express Point,Ostrov,Russia,181353,732
51,Trev,Cuppitt,tcuppitt1e@constantcontact.com,729-922-2742,10 Green Ridge Park,Alíartos,Greece,,553
52,Albina,Phipps,aphipps1f@home.pl,804-327-6702,83 Messerschmidt Park,Yaita,Japan,329-2165,754
53,Alexander,MacConnell,amacconnell1g@usatoday.com,978-995-2009,460 Gale Parkway,Sudimoro,Indonesia,,606
54,Francklyn,Gerrens,fgerrens1h@sitemeter.com,226-610-2406,491 Messerschmidt Place,Diên Khánh,Vietnam,,838
55,Mariejeanne,Perelli,mperelli1i@epa.gov,667-523-7686,51933 Rutledge Way,Dobropillya,Ukraine,,159
56,Federico,Spencer,fspencer1j@unicef.org,169-812-7655,558 Lake View Alley,Tingzhou,China,,910
57,Shanan,Wadhams,swadhams1k@jalbum.net,217-915-1827,98 Longview Terrace,Man,Ivory Coast,,67
58,Pietra,Sotheby,psotheby1l@columbia.edu,860-551-7687,35852 Grim Place,Golema Rečica,Macedonia,1219,4
59,Kirstyn,Gradwell,kgradwell1m@washingtonpost.com,742-197-4189,5579 Kipling Parkway,Mlimba,Tanzania,,269
60,Goldie,Pauley,gpauley1n@godaddy.com,475-368-8615,39 David Circle,Al Jīzah,Egypt,,413
61,Pearl,Traut,ptraut1o@delicious.com,743-655-5819,4 Sommers Pass,Rueil-Malmaison,France,92504 CEDEX,516
62,Elia,Hatherley,ehatherley1p@youtube.com,156-705-6992,385 Spohn Parkway,Bandeirantes,Brazil,86360-000,746
63,Nathalia,Rubes,nrubes1q@house.gov,219-863-0803,70 Mccormick Plaza,Oshawa,Canada,L1K,648
64,Joleen,McIllroy,jmcillroy1r@goodreads.com,623-573-7809,32 Kinsman Lane,Dushk,Albania,,899
65,Tiebold,Bufton,tbufton1s@free.fr,492-317-6182,8773 Sunnyside Avenue,Al Bilād,Yemen,,207
66,Hildagarde,Dearle,hdearle1t@sciencedirect.com,628-319-8514,06264 Sullivan Parkway,Francisco I Madero,Mexico,93995,750
67,Madeleine,Mattheus,mmattheus1u@accuweather.com,673-338-7934,1 Dryden Trail,Guisser,Morocco,,420
68,Basilius,Pouck,bpouck1v@sciencedirect.com,566-517-6660,41050 Sauthoff Park,Nancun,China,,922
69,Shanta,Rousel,srousel1w@uiuc.edu,770-973-2067,42 Morning Avenue,Mantalongon,Philippines,5608,795
70,Herminia,Pragnall,hpragnall1x@home.pl,722-240-9550,2 Victoria Park,Shakhun’ya,Russia,606912,802
71,Emlynne,Romagosa,eromagosa1y@oaic.gov.au,141-507-3225,1 Bowman Terrace,Ishqoshim,Tajikistan,,130
72,Barbi,Brownrigg,bbrownrigg1z@tinyurl.com,432-277-5721,2 Arkansas Terrace,Ponong,Philippines,5040,945
73,Sherwynd,Humble,shumble20@clickbank.net,882-644-7001,16 Namekagon Center,Fakaifou Village,Tuvalu,,329
74,Lexine,Deshon,ldeshon21@scribd.com,479-952-9338,9 Hermina Way,Santiago Atitlán,Guatemala,07019,366
75,Anthony,Baynes,abaynes22@netvibes.com,666-643-4232,98466 Elka Park,Roodepoort,South Africa,1794,621
76,Opalina,Pelosi,opelosi23@earthlink.net,627-775-8793,8 Oak Valley Avenue,Pregradnaya,Russia,369264,858
77,Oneida,Perrett,operrett24@acquirethisname.com,806-794-4725,6 Gateway Way,Isnos,Colombia,418049,452
78,Henryetta,Cusick,hcusick25@goodreads.com,517-564-7301,318 Oak Circle,Gnosjö,Sweden,335 24,883
79,Joel,Catt,jcatt26@pbs.org,918-481-1758,0 Crescent Oaks Avenue,Songgui,China,,715
80,Sean,Yewen,syewen27@shinystat.com,561-713-6015,62 Carberry Avenue,Rurrenabaque,Bolivia,,809
81,Kendrick,Worswick,kworswick28@unblog.fr,592-412-1734,5450 Merchant Crossing,Přimda,Czech Republic,348 06,894
82,Jack,Rockwell,jrockwell29@biglobe.ne.jp,395-316-9442,55 South Trail,Campana,Argentina,4111,180
83,Bethanne,Faithfull,bfaithfull2a@aboutads.info,646-840-2398,085 Arizona Road,Mayskiy,Russia,162673,445
84,Thatch,Bothwell,tbothwell2b@amazon.com,820-219-1434,0 Michigan Way,Banjar Sedang,Indonesia,,281
85,Sheffie,Whitsun,swhitsun2c@ihg.com,377-735-2512,510 Anniversary Point,Mata-Utu,Wallis and Futuna,98600,942
86,Nissie,Maddrell,nmaddrell2d@domainmarket.com,628-801-3202,5835 Porter Road,Wonodadi,Indonesia,,40
87,Hedi,Fullager,hfullager2e@virginia.edu,974-921-8145,3 School Plaza,Cengjia,China,,941
88,Chaddy,Gockeler,cgockeler2f@4shared.com,155-536-6623,210 Florence Circle,‘Arab ar Rashāydah,Palestinian Territory,,237
89,Arlene,Perel,aperel2g@indiegogo.com,626-681-3348,4 Tennyson Way,Belén,Paraguay,,404
90,Ansell,Hamilton,ahamilton2h@sina.com.cn,649-227-0247,138 Westend Parkway,Kebonjaya,Indonesia,,818
91,Arthur,Dmtrovic,admtrovic2i@go.com,185-307-6819,08 Surrey Drive,Pangalangan,Indonesia,,147
92,Miltie,Hallums,mhallums2j@sohu.com,668-888-6325,7248 Barby Avenue,Vargön,Sweden,468 82,308
93,Bogey,Cominetti,bcominetti2k@w3.org,218-478-1873,37838 Sunfield Alley,Can-asujan,Philippines,8715,743
94,Jasmine,Kitley,jkitley2l@mit.edu,602-159-3115,88 Milwaukee Court,Staraya Derevnya,Russia,422367,105
95,Tabor,Calway,tcalway2m@examiner.com,448-851-8461,63 Waxwing Alley,Baluk,Indonesia,,608
96,Sydney,Buddington,sbuddington2n@dion.ne.jp,397-942-5241,5 Nancy Hill,Gumuk Tengah,Indonesia,,75
97,Tiphani,Guidini,tguidini2o@hao123.com,390-881-0738,1093 Troy Way,Qingban,China,,649
98,Joell,Haselgrove,jhaselgrove2p@earthlink.net,154-958-0998,3 Novick Terrace,Leyuan,China,,872
99,Jeanna,Smurfitt,jsmurfitt2q@ihg.com,571-172-1919,398 Sommers Circle,Takāb,Iran,,290
100,Lucius,Jollye,ljollye2r@edublogs.org,977-982-5279,5366 Aberg Court,Kuala Lumpur,Malaysia,55100,237
101,Jodie,Beauchamp,jbeauchamp2s@themeforest.net,517-694-3194,23 Welch Parkway,San Lucas Tolimán,Guatemala,07013,41
102,Darby,McElwee,dmcelwee2t@economist.com,866-984-3162,42 Magdeline Center,Motala,Sweden,591 46,44
103,Jarrad,Ivashkin,jivashkin2u@amazonaws.com,824-663-8561,94 Straubel Way,Gospić,Croatia,53000,228
104,Riccardo,Llewellyn,rllewellyn2v@delicious.com,136-464-1197,3 Dottie Court,Severodvinsk,Russia,164509,586
105,Jody,Roony,jroony2w@vk.com,128-365-4217,4028 Marcy Pass,Banjar Dukuh,Indonesia,,244
106,Biddie,Lewsley,blewsley2x@google.com.br,270-332-7380,04 Vera Circle,Kinalaglagan,Philippines,5614,837
107,Eula,McKerron,emckerron2y@buzzfeed.com,540-983-2105,0 Miller Drive,Fovissste,Mexico,85936,345
108,Damiano,Breedy,dbreedy2z@businessweek.com,594-896-6060,611 Kim Plaza,San Vicente,Philippines,6419,171
109,Aubine,Corey,acorey30@wired.com,389-377-9639,508 Birchwood Way,Maqiu,China,,40
110,Winnifred,Blackboro,wblackboro31@si.edu,558-574-7554,5679 Lien Plaza,Cihaur,Indonesia,,732
111,Lyman,Rummins,lrummins32@stanford.edu,846-296-3867,148 Heath Trail,Harbin,China,,119
112,Homere,Britnell,hbritnell33@google.ca,945-443-6698,0 Mcguire Road,Novais,Portugal,4765-122,47
113,Binni,McNelly,bmcnelly34@typepad.com,393-180-0012,5 Dennis Lane,Gaotian,China,,264
114,Alvis,Grisley,agrisley35@webmd.com,933-426-4672,3 Hanson Court,Nakhchivan,Azerbaijan,,564
115,Georgi,Petrovic,gpetrovic36@narod.ru,732-479-2220,980 Fulton Drive,New Brunswick,United States,08922,411
116,Francisco,Oxer,foxer37@soundcloud.com,904-828-2048,87201 Barnett Crossing,Linköping,Sweden,582 31,23
117,Traci,Volette,tvolette38@dailymail.co.uk,611-209-4570,88 Sachs Parkway,Villa Mercedes,Argentina,5461,428
118,Chalmers,Etridge,cetridge39@blogger.com,944-477-5799,19056 Grayhawk Street,Warungsugan,Indonesia,,746
119,Maiga,Mathouse,mmathouse3a@bandcamp.com,849-686-8599,1 Everett Court,Černošín,Czech Republic,349 01,177
120,Kerrin,Troy,ktroy3b@tamu.edu,725-538-4047,558 Blaine Road,Jiangnan,China,,156
121,Alma,Kingsly,akingsly3c@printfriendly.com,993-626-8561,1644 Morning Way,Suchy Dąb,Poland,83-022,64
122,Garland,Durrett,gdurrett3d@google.com.au,517-602-2678,4808 Norway Maple Pass,Pogwizdów,Poland,43-418,30
123,Kirstin,Trowsdall,ktrowsdall3e@slashdot.org,656-814-5064,39 Dawn Alley,San Isidro,Mexico,41004,14
124,Jelene,Phateplace,jphateplace3f@alibaba.com,767-713-5253,2 Rigney Hill,Aguilares,Argentina,4152,661
125,Mollee,Jolly,mjolly3g@wikia.com,744-498-0380,85 Cody Point,Paris La Défense,France,92907 CEDEX,394
126,Johanna,Larvent,jlarvent3h@yandex.ru,540-972-9778,2693 Golf View Trail,Infanta,Philippines,4336,298
127,Gwenneth,Skechley,gskechley3i@census.gov,996-358-6219,4 West Junction,Annau,Turkmenistan,,588
128,Kelly,Domone,kdomone3j@patch.com,928-413-7580,7 Marquette Trail,Wunat,Indonesia,,891
129,Boote,Keitley,bkeitley3k@guardian.co.uk,391-609-0632,4 Oak Circle,Kuntong,China,,301
130,Torey,Larive,tlarive3l@lycos.com,333-442-1637,51245 Fremont Alley,Žalec,Slovenia,3310,66
131,Isis,Aharoni,iaharoni3m@miitbeian.gov.cn,922-117-9312,1 Linden Parkway,Virje,Croatia,48326,773
132,Mellisa,Olivie,molivie3n@goodreads.com,450-985-6182,16107 Ridgeway Terrace,Tielu,China,,91
133,Mellisent,O'Duilleain,moduilleain3o@nydailynews.com,457-295-3268,8012 Hansons Park,Zengjia,China,,651
134,Anica,McGuane,amcguane3p@netlog.com,911-768-3660,2903 Sachtjen Pass,Jingdu,China,,555
135,Roby,Roscoe,rroscoe3q@about.com,222-420-3207,25252 Village Green Avenue,Sviadnov,Czech Republic,739 25,62
136,Reeba,Sodo,rsodo3r@businessweek.com,331-850-7663,8 Commercial Street,Pines,Philippines,7207,418
137,Ethelind,Raccio,eraccio3s@wikimedia.org,829-849-5418,61707 La Follette Circle,Nioro,Mali,,352
138,Cullie,Persence,cpersence3t@deviantart.com,401-626-5323,694 Express Avenue,Torbay,Canada,A1K,304
139,Delmer,Nulty,dnulty3u@free.fr,887-948-5969,35581 Roxbury Avenue,Īlām,Iran,,749
140,Wells,Ciabatteri,wciabatteri3v@rakuten.co.jp,428-182-1021,66 Burrows Street,Morteros,Argentina,2421,963
141,Winn,Barbisch,wbarbisch3w@nba.com,765-529-0586,87 Fuller Junction,Dukuhtengah,Indonesia,,140
142,Ephrem,Masarrat,emasarrat3x@ovh.net,639-864-6643,3340 Mcbride Trail,Natarleba,Indonesia,,300
143,Ginnie,Risely,grisely3y@mediafire.com,469-777-3236,086 Ramsey Plaza,Vlycháda,Greece,,711
144,Duke,Woolland,dwoolland3z@yahoo.co.jp,833-339-1352,91267 Golf Course Road,Sungaimaja,Indonesia,,584
145,Tobey,Burchell,tburchell40@nationalgeographic.com,264-101-2459,4309 Menomonie Terrace,Mgachi,Russia,634003,260
146,Adrianna,Heggie,aheggie41@answers.com,139-495-4909,666 Vermont Court,Makati City,Philippines,1699,148
147,Halette,Verzey,hverzey42@multiply.com,763-792-1683,90045 Toban Crossing,Düsseldorf,Germany,40591,330
148,Jaquenette,Tunnacliffe,jtunnacliffe43@ted.com,489-680-6255,71355 Leroy Court,Siding,Indonesia,,540
149,Anthe,Riccioppo,ariccioppo44@seattletimes.com,323-209-9121,917 Forster Crossing,Lloque,Peru,,134
150,Thorny,Ashburne,tashburne45@ox.ac.uk,838-653-6887,03404 Westport Pass,Lugu,China,,720
151,Fremont,Speechly,fspeechly46@ehow.com,779-668-5084,01 Anniversary Trail,Hlybokaye,Belarus,,501
152,Paule,Ruffle,pruffle47@myspace.com,705-228-6127,53072 Ruskin Terrace,Itaperuna,Brazil,28300-000,0
153,Linn,Lacer,llacer48@drupal.org,159-885-5117,61 Corben Terrace,Providencia,Mexico,35364,351
154,Rae,Kinahan,rkinahan49@ebay.com,681-167-6138,0 Mallard Road,Borovlyany,Belarus,,705
155,Melosa,Facchini,mfacchini4a@unesco.org,781-673-9869,5705 Scofield Center,Kisangani,Democratic Republic of the Congo,,353
156,Inigo,McBrearty,imcbrearty4b@topsy.com,300-102-4998,75725 Montana Court,Złoczew,Poland,98-270,34
157,Darline,Heijne,dheijne4c@unesco.org,467-956-0607,0242 Stone Corner Avenue,Āshtīān,Iran,,540
158,Amargo,Grund,agrund4d@oracle.com,820-611-7350,8 Oxford Center,Luleå,Sweden,974 42,727
159,Terza,McQuillin,tmcquillin4e@newsvine.com,645-576-2707,0 Sunnyside Street,Alangilanan,Philippines,2420,333
160,Ciro,Laurance,claurance4f@rakuten.co.jp,916-332-1437,7 Ramsey Center,Sacramento,United States,94297,325
161,Glennie,Scoffham,gscoffham4g@elpais.com,606-965-3101,48049 Arizona Court,Al Miqdādīyah,Iraq,,848
162,Jayne,Lemmon,jlemmon4h@cargocollective.com,927-250-2456,208 Pawling Plaza,Pancheng,China,,984
163,Karoline,Grossman,kgrossman4i@house.gov,446-503-9417,02433 Marquette Lane,Cisitu,Indonesia,,771
164,Ker,Tunkin,ktunkin4j@meetup.com,205-345-7174,142 Valley Edge Hill,Qushi’an,China,,764
165,Friedrick,Spellward,fspellward4k@va.gov,848-192-4353,17 Lakewood Road,East London,South Africa,5688,969
166,Cynthea,Swains,cswains4l@nymag.com,945-842-4157,154 Thompson Parkway,Roioen,Indonesia,,121
167,Jon,Alleyne,jalleyne4m@icio.us,278-271-9663,01 Express Junction,Kronoby,Finland,01760,561
168,Garrard,McGiven,gmcgiven4n@discuz.net,993-482-1016,799 Division Crossing,Nowe Skalmierzyce,Poland,63-460,407
169,Erin,Linley,elinley4o@youtube.com,482-451-2433,8809 Caliangt Pass,Atimonan,Philippines,4331,136
170,Chadwick,Mattiazzo,cmattiazzo4p@howstuffworks.com,882-373-1834,13 Hoard Hill,Presidente Epitácio,Brazil,19470-000,84
171,Aldo,Long,along4q@freewebs.com,757-778-4242,80 Summerview Terrace,Newport News,United States,23605,874
172,Umeko,Klaussen,uklaussen4r@i2i.jp,920-809-6715,119 Crowley Court,São Francisco do Sul,Brazil,89240-000,540
173,Abraham,Waistall,awaistall4s@cdbaby.com,950-456-9209,35654 Portage Drive,São Borja,Brazil,97670-000,580
174,Jeannie,Yewdall,jyewdall4t@plala.or.jp,919-335-4696,475 Anthes Center,Sacramento,Brazil,38190-000,603
175,Sib,Jacquet,sjacquet4u@fotki.com,573-921-5422,6306 Raven Circle,Daqiao,China,,655
176,Hamish,Deners,hdeners4v@fda.gov,288-996-7366,72 Service Avenue,Caijiagang,China,,898
177,Hughie,Bultitude,hbultitude4w@skyrock.com,160-216-0368,49137 Brentwood Lane,Omuthiya,Namibia,,739
178,Madlen,Ionnidis,mionnidis4x@hp.com,335-863-7152,2 Huxley Place,Donnybrook,Ireland,D04,821
179,Percival,Cantrill,pcantrill4y@unicef.org,618-496-9890,8 Manitowish Court,Priupskiy,Russia,102042,733
180,Tynan,Marrington,tmarrington4z@1und1.de,765-192-7402,17429 Kipling Avenue,Bryansk,Russia,241904,542
181,Basia,Ducrow,bducrow50@adobe.com,274-519-9519,7 8th Pass,Zhayang,China,,997
182,Joyan,Arnaez,jarnaez51@mit.edu,329-974-4034,778 Upham Street,Ängelholm,Sweden,262 65,117
183,Dunstan,Fortie,dfortie52@samsung.com,522-548-2969,33 Buena Vista Park,Shiree,Mongolia,,205
184,Colet,Floweth,cfloweth53@nyu.edu,502-400-2417,9186 Eggendart Hill,Liancheng,China,,674
185,Mallory,Wateridge,mwateridge54@myspace.com,278-608-0575,47506 Bayside Junction,Tennō,Japan,492-8204,24
186,Trever,Vellender,tvellender55@techcrunch.com,301-648-6244,107 Independence Plaza,Kalipare,Indonesia,,287
187,Kimball,Everal,keveral56@skype.com,684-188-4022,3706 Moland Hill,Verkhozim,Russia,442443,64
188,Sully,Napthine,snapthine57@geocities.jp,678-765-4561,93 Delaware Lane,Kafr Zaytā,Syria,,466
189,Joya,Pymer,jpymer58@etsy.com,450-751-1067,45 Steensland Circle,Xinjie,China,,695
190,Arvie,Paulin,apaulin59@chicagotribune.com,153-632-6908,0006 Logan Lane,La Unión,Venezuela,,607
191,Cynthie,Durdy,cdurdy5a@hao123.com,491-448-7972,71448 Sage Hill,El Cairo,Colombia,761508,264
192,Kellia,Rudd,krudd5b@xing.com,366-159-6471,2 La Follette Park,Gerdu,Indonesia,,462
193,Luce,Carnie,lcarnie5c@clickbank.net,851-575-3944,5 Golf View Lane,Sambong,Indonesia,,785
194,Hazlett,Wrigglesworth,hwrigglesworth5d@soundcloud.com,466-267-7320,7023 Cambridge Parkway,Bail,Philippines,5420,125
195,Rudie,Goadby,rgoadby5e@java.com,402-274-0071,81 Graceland Point,Quinta de Valadares,Portugal,2855-358,872
196,Anatol,Hamper,ahamper5f@merriam-webster.com,415-313-5688,363 Donald Court,Sheksna,Russia,162572,676
197,Mari,Croose,mcroose5g@plala.or.jp,499-948-2508,5920 Summer Ridge Junction,Zoumaling,China,,947
198,Abigail,Joiris,ajoiris5h@ucoz.ru,705-951-1690,3212 Warrior Plaza,Sumberejo,Indonesia,,690
199,Karlen,Deery,kdeery5i@mayoclinic.com,302-816-4854,9295 Melby Alley,Pa Sang,Thailand,51120,435
200,Baron,Bramich,bbramich5j@cisco.com,199-115-3255,35 Forest Junction,Tor,Egypt,,737
201,Mallory,Pocock,mpocock5k@dagondesign.com,193-222-7746,16473 Spenser Court,Maciejowice,Poland,08-480,277
202,Trixy,Shiels,tshiels5l@telegraph.co.uk,760-298-3754,9397 Eggendart Avenue,Voyutychi,Ukraine,,392
203,Nadeen,Lintot,nlintot5m@about.me,871-648-8654,81621 Blaine Lane,Sampit,Indonesia,,70
204,Eveleen,Garham,egarham5n@eventbrite.com,847-339-7691,71 Lunder Terrace,Bobota,Croatia,32225,633
205,Kendal,Keays,kkeays5o@cbslocal.com,800-634-8161,94 Packers Parkway,Sui’an,China,,337
206,Berton,Kinavan,bkinavan5p@squidoo.com,495-198-4094,54194 Loftsgordon Avenue,Kuusjoki,Finland,25330,809
207,Maximilianus,Dunnico,mdunnico5q@usda.gov,480-209-1169,7632 Ronald Regan Crossing,Buensuseso,Philippines,2011,769
208,Chuck,Roux,croux5r@nytimes.com,247-971-1831,233 Chinook Street,Dzüünkharaa,Mongolia,,713
209,Brnaby,Timpany,btimpany5s@edublogs.org,780-607-3596,5524 Express Street,Chepo,Panama,,849
210,Rori,Dunklee,rdunklee5t@rambler.ru,370-622-0687,83 Vernon Hill,Al Khafsah,Syria,,955
211,Ilyse,Birdsey,ibirdsey5u@bloomberg.com,479-432-3168,1924 Kipling Parkway,Paris 09,France,75439 CEDEX 09,570
212,Lydon,McIlriach,lmcilriach5v@examiner.com,989-170-7330,34 Farragut Junction,Al Jumaylīyah,Qatar,,278
213,Amory,Laughrey,alaughrey5w@yellowbook.com,373-711-9335,9066 Moulton Street,Guiuan,Philippines,6809,211
214,Frankie,Cottham,fcottham5x@dropbox.com,765-776-8323,2560 Mcguire Plaza,Kauswagan,Philippines,9202,884
215,Marcus,Eagland,meagland5y@weather.com,725-216-9972,02 Cordelia Junction,Xiadian,China,,908
216,Cindy,O'Nowlan,conowlan5z@mayoclinic.com,738-395-0403,16907 Maryland Center,Curitiba,Brazil,80000-000,33
217,Lanni,Colston,lcolston60@dmoz.org,412-364-3943,561 Lillian Center,Tanjungagung,Indonesia,,426
218,Jakie,Bilbrook,jbilbrook61@whitehouse.gov,621-684-2053,09699 Artisan Parkway,Cotmon,Philippines,4500,184
219,Rodina,Goldthorpe,rgoldthorpe62@yolasite.com,566-627-9956,08130 Goodland Alley,Khánh Hải,Vietnam,,678
220,Christian,Danieli,cdanieli63@deviantart.com,619-704-2153,30 Becker Trail,Calape,Philippines,6328,759
221,Christoffer,Shepland,cshepland64@imgur.com,974-506-5217,68 Golf Parkway,Coihaique,Chile,,32
222,Gualterio,Margrett,gmargrett65@bravesites.com,245-797-7551,3 Westerfield Court,Trzciana,Poland,36-071,827
223,Gilbertine,Dusey,gdusey66@admin.ch,748-904-8581,22 Riverside Way,Urjala,Finland,31761,723
224,Horten,Krier,hkrier67@amazon.co.jp,543-740-6046,45 Dovetail Alley,Makrýgialos,Greece,,501
225,Ax,Vanichkin,avanichkin68@google.cn,194-778-9492,9294 Oakridge Alley,Zelenoborskiy,Russia,184021,382
226,Alastair,Cinavas,acinavas69@technorati.com,624-174-6318,4 Memorial Road,Maramag,Philippines,8714,681
227,Karita,Vonasek,kvonasek6a@fc2.com,704-696-5179,309 Lakewood Park,Idhnā,Palestinian Territory,,42
228,Marita,Coslitt,mcoslitt6b@mlb.com,231-319-0761,0874 Redwing Terrace,Mingshan,China,,590
229,Mariana,Millen,mmillen6c@youku.com,471-426-5983,46331 Cambridge Place,Tangerang,Indonesia,,829
230,Trista,Warlow,twarlow6d@drupal.org,181-250-4396,09 Hermina Street,Xiangjia,China,,198
231,Veronique,Conrard,vconrard6e@typepad.com,106-351-0118,36 Moulton Point,Kuala Terengganu,Malaysia,20520,326
232,Jackelyn,Oger,joger6f@hud.gov,240-869-2481,82889 Fulton Crossing,Sarajevo,Bosnia and Herzegovina,,599
233,Pepita,Itzkovwitch,pitzkovwitch6g@over-blog.com,904-395-2053,724 Lakewood Terrace,Beitan,China,,459
234,Karlee,Hamper,khamper6h@vistaprint.com,877-425-8424,77748 Judy Plaza,Bakar,Croatia,52428,633
235,Leanor,Coit,lcoit6i@histats.com,518-464-7035,6274 Esker Drive,Fukagawa,Japan,999-7767,425
236,Pam,Taffrey,ptaffrey6j@a8.net,864-308-4110,1687 Monterey Way,Goianira,Brazil,75370-000,885
237,Jan,Milan,jmilan6k@cnn.com,193-987-6731,22185 Loeprich Pass,Trubchevsk,Russia,242251,887
238,Magdalena,Begbie,mbegbie6l@wordpress.com,271-110-0323,411 Magdeline Terrace,Sabaneta,Dominican Republic,11808,859
239,Isidoro,Grinham,igrinham6m@weebly.com,638-846-3283,1 Heath Terrace,Vernon,France,27204 CEDEX,299
240,Elsi,Hupe,ehupe6n@foxnews.com,946-863-9530,81 Merry Park,Huazhou,China,,262
241,Arther,Brayshaw,abrayshaw6o@cocolog-nifty.com,929-631-8077,31 Dahle Pass,Rehoboth,Namibia,,134
242,Brucie,Warton,bwarton6p@youtube.com,276-187-2761,7558 Union Court,Zhangjiayuan,China,,682
243,Billie,Boothman,bboothman6q@ucsd.edu,974-343-7636,2271 Parkside Crossing,Aveiro,Portugal,3800-006,823
244,Myrah,Blabber,mblabber6r@unesco.org,992-306-4022,9 Anthes Court,Galutu,China,,773
245,Wally,Beardall,wbeardall6s@msn.com,200-468-5978,299 Merry Terrace,Zall-Dardhë,Albania,,683
246,Margy,Cape,mcape6t@plala.or.jp,208-878-5793,201 Mariners Cove Plaza,Maralal,Kenya,,619
247,Cecilia,Eykel,ceykel6u@theatlantic.com,733-972-2585,42300 Lunder Court,Dampek,Indonesia,,731
248,Minta,Fulkes,mfulkes6v@seesaa.net,753-276-3188,17 Delladonna Lane,Dedenëvo,Russia,141860,810
249,Gunar,Flear,gflear6w@tmall.com,175-190-6537,661 Tennessee Pass,Kusatsu,Japan,999-8207,647
250,Timmie,Gouinlock,tgouinlock6x@ning.com,736-778-6521,90194 Manley Road,Duncan Town,Bahamas,,950
251,Elsi,Stoffler,estoffler6y@geocities.com,996-740-8050,37 Caliangt Park,Radom,Poland,26-640,789
252,Iolanthe,Cowin,icowin6z@sogou.com,238-208-2289,6 Michigan Drive,Liurenba,China,,869
253,Erda,Llewellyn,ellewellyn70@china.com.cn,354-175-6712,0886 Loomis Court,Wansheng,China,,691
254,Dacie,Goldston,dgoldston71@wp.com,285-119-4620,331 Division Place,Tegalalang,Indonesia,,977
255,Kandace,Gorden,kgorden72@instagram.com,498-904-5721,86 Talmadge Parkway,Anicuns,Brazil,76170-000,575
256,Marin,Handover,mhandover73@samsung.com,344-413-2265,9179 Declaration Point,Chalandrítsa,Greece,,980
257,Dagny,Van,dvan74@meetup.com,655-674-4905,38565 Manitowish Lane,Forninho,Portugal,2965-223,181
258,Alic,Leaman,aleaman75@salon.com,631-414-0665,2 Sommers Court,Tours,France,37072 CEDEX 2,906
259,Durant,Richel,drichel76@usnews.com,186-327-1830,9381 Glendale Park,Pataias,Portugal,2445-204,492
260,Conway,Ciccarelli,cciccarelli77@statcounter.com,168-829-6197,41631 Cambridge Junction,Zhuxi Chengguanzhen,China,,123
261,Patience,Brook,pbrook78@w3.org,496-369-1142,8476 Hazelcrest Center,Konza,Kenya,,567
262,Konrad,O'Brogane,kobrogane79@ocn.ne.jp,780-727-7053,9332 Westport Pass,Ibeto,Nigeria,,342
263,Zane,Haylands,zhaylands7a@newyorker.com,110-459-2268,61 Novick Lane,Bent Jbaïl,Lebanon,,490
264,Guglielma,Barabisch,gbarabisch7b@java.com,557-815-4045,41062 Westridge Avenue,Lorut,Armenia,,159
265,Mel,Teck,mteck7c@craigslist.org,155-732-3173,91943 Basil Junction,Zelenogorsk,Russia,663694,51
266,Elston,Janecek,ejanecek7d@auda.org.au,146-842-9021,4827 Butternut Point,Lamut,Philippines,3605,481
267,Herb,Bambrough,hbambrough7e@twitpic.com,572-945-8769,09928 Vidon Street,Liudu,China,,394
268,Caralie,Lightowlers,clightowlers7f@walmart.com,828-767-8503,92 Eagle Crest Park,Noen Maprang,Thailand,65190,603
269,Artur,Berrow,aberrow7g@businessinsider.com,794-311-2552,612 Loomis Trail,Paracambi,Brazil,26600-000,122
270,Thornton,Duckit,tduckit7h@joomla.org,665-403-7414,0391 Grim Drive,La Salud,Cuba,,694
271,Elenore,Mariner,emariner7i@google.nl,752-640-7402,8 Cody Park,Sungayang,Indonesia,,332
272,Elvyn,Blaycock,eblaycock7j@nymag.com,305-325-9111,421 Kim Alley,Saint-Leu-la-Forêt,France,95324 CEDEX,327
273,Cesaro,Redihalgh,credihalgh7k@soup.io,886-655-0953,80 Emmet Plaza,Göteborg,Sweden,403 13,99
274,Leonard,Lensch,llensch7l@com.com,536-885-1103,14042 Melvin Drive,Torbeck,Haiti,,264
275,Carolynn,Beachem,cbeachem7m@webeden.co.uk,341-740-0570,589 Lakewood Road,Quinocay,Peru,,476
276,Perle,Selborne,pselborne7n@qq.com,713-800-5392,6770 Utah Drive,Oemofa,Indonesia,,434
277,Zara,Renfrew,zrenfrew7o@prweb.com,668-607-9607,8 Charing Cross Point,Xujia,China,,287
278,Jed,Huitt,jhuitt7p@lycos.com,327-963-0344,5696 Towne Plaza,Mikhnëvo,Russia,142843,629
279,Wilow,McQuaide,wmcquaide7q@posterous.com,533-936-9311,1 Eliot Circle,Pikalëvo,Russia,187600,839
280,Henri,Verrico,hverrico7r@amazon.com,122-592-5029,96816 Garrison Crossing,Verkhniy Yasenov,Ukraine,,716
281,Lorena,Izard,lizard7s@buzzfeed.com,124-850-3097,3 Chive Point,Balyqshy,Kazakhstan,,912
282,Al,Wastie,awastie7t@a8.net,366-880-2121,8454 Stephen Hill,Siukh,Russia,368978,484
283,Guthrie,August,gaugust7u@shop-pro.jp,143-967-6690,592 Shoshone Point,Cireundang,Indonesia,,115
284,Merrie,Radloff,mradloff7v@amazon.com,895-268-6552,747 Di Loreto Hill,Dār Kulayb,Bahrain,,514
285,Calvin,Dundredge,cdundredge7w@rediff.com,405-520-1522,44 Oak Center,Hai Riêng,Vietnam,,519
286,Ozzie,Kembley,okembley7x@globo.com,154-818-9471,640 Orin Drive,Tatebal,Indonesia,,33
287,Edwin,Beedle,ebeedle7y@barnesandnoble.com,812-334-9086,79 Russell Parkway,Seoul,South Korea,,605
288,Bili,Antao,bantao7z@sohu.com,644-695-1581,1 Sachs Street,Hwasun,South Korea,,93
289,Samara,Holleran,sholleran80@themeforest.net,822-258-0410,638 Barby Place,Dawuhan,Indonesia,,167
290,Frannie,Telford,ftelford81@cdc.gov,870-996-2353,18455 Jenna Junction,Banpu,China,,814
291,Danie,Endecott,dendecott82@cpanel.net,893-764-9463,07241 Hoepker Way,Krujë,Albania,,368
292,Joyce,Cortes,jcortes83@mlb.com,495-738-1449,26489 Loftsgordon Lane,Sanqishi,China,,915
293,Stefa,Harflete,sharflete84@sciencedaily.com,768-668-1008,87012 Calypso Circle,Suresnes,France,92154 CEDEX,372
294,Garrot,Sperwell,gsperwell85@wikia.com,418-334-8942,2 Little Fleur Way,Xinglongjie,China,,802
295,Kassandra,Pudge,kpudge86@zimbio.com,228-144-7822,62385 Meadow Vale Parkway,Limon,Philippines,6530,163
296,Sydney,Tolotti,stolotti87@youtu.be,546-513-5280,5 Mariners Cove Avenue,Weiting,China,,697
297,Willis,Kinrade,wkinrade88@cargocollective.com,454-619-1967,340 Cambridge Place,Liushun,China,,328
298,Emalee,Bredgeland,ebredgeland89@google.com,169-907-8822,62262 Coleman Pass,Socorro,Colombia,683558,281
299,Lani,Dunnet,ldunnet8a@uol.com.br,384-555-0682,0 Ridge Oak Street,Suining,China,,436
300,Darla,Rathbone,drathbone8b@parallels.com,599-940-1606,70196 Canary Center,Nanhuatang,China,,178
301,Elvera,Chucks,echucks8c@miibeian.gov.cn,678-530-1630,24 Laurel Lane,Rakičan,Slovenia,9600,131
302,Silas,Devaney,sdevaney8d@bandcamp.com,439-445-1520,93 Red Cloud Plaza,Jiangtian,China,,786
303,Rhodie,Murley,rmurley8e@amazonaws.com,965-826-6227,04556 Duke Place,La Uvita,Colombia,150867,637
304,Chaddy,McKelvey,cmckelvey8f@utexas.edu,516-629-8645,515 Farwell Lane,Lidečko,Czech Republic,756 12,245
305,Dorette,Naptin,dnaptin8g@latimes.com,272-796-3426,007 Dottie Circle,Madaoua,Niger,,99
306,Rikki,Thornhill,rthornhill8h@wired.com,598-543-4179,554 Village Green Plaza,Obukhiv,Ukraine,,480
307,Brittni,Halworth,bhalworth8i@usda.gov,449-269-1343,22 High Crossing Point,Tandag,Philippines,8300,470
308,Shane,Storch,sstorch8j@parallels.com,810-604-4160,3613 Paget Hill,Ussuriysk,Russia,356532,794
309,Flint,Royson,froyson8k@mysql.com,397-487-3041,85678 Maywood Court,Kribi,Cameroon,,109
310,Sandro,Broschek,sbroschek8l@imdb.com,845-628-9396,528 Thackeray Point,Shahr-e Şafā,Afghanistan,,952
311,Cynde,Elsmor,celsmor8m@state.tx.us,728-352-7787,4033 Springs Terrace,Giporlos,Philippines,6811,710
312,Zea,Yeulet,zyeulet8n@wix.com,466-253-0588,7186 Schiller Avenue,Wanareja,Indonesia,,960
313,Adriaens,Fairbard,afairbard8o@instagram.com,530-251-4255,4 Pennsylvania Hill,Lukou,China,,641
314,Hubey,Eland,heland8p@surveymonkey.com,489-380-0907,4 Muir Avenue,Kungsbacka,Sweden,434 23,910
315,Odey,Douty,odouty8q@biblegateway.com,340-939-2770,14 Packers Plaza,Setanggor,Indonesia,,600
316,Willow,Ransome,wransome8r@nps.gov,504-739-2399,09 Acker Point,Nicola Town,Saint Kitts and Nevis,,22
317,Tiphani,Garritley,tgarritley8s@geocities.com,375-575-4746,22613 Comanche Crossing,Aswan,Egypt,,540
318,Myles,Willets,mwillets8t@reddit.com,903-297-5588,314 Heath Park,Sidareja,Indonesia,,809
319,Adan,Wardall,awardall8u@ox.ac.uk,375-735-5135,68 Texas Junction,Quintãs,Portugal,3830-268,722
320,Merrill,Rudgley,mrudgley8v@microsoft.com,846-214-9269,0 Cherokee Place,Montpellier,France,34004 CEDEX 1,26
321,Leonanie,Catherall,lcatherall8w@myspace.com,667-925-4717,380 Iowa Road,Paisha,China,,108
322,Felike,Gurnay,fgurnay8x@prweb.com,547-484-0624,2 Aberg Plaza,Shinkafe,Nigeria,,706
323,Kariotta,Tebbs,ktebbs8y@shutterfly.com,689-183-7672,7068 La Follette Trail,Meijiahe,China,,613
324,Bowie,Keppin,bkeppin8z@parallels.com,502-323-2606,49323 Namekagon Drive,Vathýlakkos,Greece,,402
325,Tresa,Hoggan,thoggan90@last.fm,560-325-2247,90916 Heath Road,Consuelo,Philippines,1128,312
326,Brig,Rogers,brogers91@networkadvertising.org,830-612-3354,603 Cherokee Place,Krajan Karangsari,Indonesia,,978
327,Zebulen,Meadway,zmeadway92@pinterest.com,582-960-6888,051 Nevada Avenue,Isak,Indonesia,,301
328,Mair,Brookes,mbrookes93@artisteer.com,773-589-0081,496 Old Shore Park,Zborovice,Czech Republic,768 32,34
329,Egor,Barnfather,ebarnfather94@plala.or.jp,904-317-8261,4431 Fairfield Way,Chama,Zambia,,779
330,Rori,Neesam,rneesam95@dagondesign.com,725-351-8878,9696 Northridge Alley,Shemursha,Russia,429174,651
331,Holt,Pusill,hpusill96@pbs.org,396-383-5170,0082 Tony Way,Vogan,Togo,,391
332,Nicola,Rosenblath,nrosenblath97@exblog.jp,655-545-8195,709 Corscot Street,Skënderbegas,Albania,,365
333,Oran,MacKowle,omackowle98@wsj.com,222-427-8890,3 Del Sol Trail,Bry-sur-Marne,France,94364 CEDEX,360
334,Bobbye,Garner,bgarner99@people.com.cn,688-241-5073,489 Darwin Drive,Booterstown,Ireland,D04,686
335,Sarette,Spellessy,sspellessy9a@spotify.com,745-918-9816,766 Lotheville Avenue,Hetan,China,,899
336,Patrizio,Tottem,ptottem9b@youtube.com,163-294-4871,9 8th Crossing,Agraharam,India,532663,328
337,Catriona,Few,cfew9c@barnesandnoble.com,840-632-9030,9 Knutson Plaza,Otavalo,Ecuador,,614
338,Christoph,Helks,chelks9d@newyorker.com,231-667-3515,45751 Bluestem Court,Laidian,China,,332
339,Randee,Winward,rwinward9e@yahoo.co.jp,513-109-9304,19674 Dahle Junction,Dahe,China,,121
340,Justina,Adrian,jadrian9f@oracle.com,695-878-1031,33 Spenser Junction,Durazno,Uruguay,,722
341,Grange,Birchenhead,gbirchenhead9g@hubpages.com,570-371-4964,83034 Anniversary Street,Suwaru,Indonesia,,893
342,Liesa,Acton,lacton9h@wikia.com,107-367-3446,0546 Basil Hill,Motupe,Peru,,1
343,Adan,Isselee,aisselee9i@craigslist.org,927-284-9114,735 Lillian Trail,Ipoh,Malaysia,30592,58
344,Shannan,Thormann,sthormann9j@narod.ru,961-400-3162,25 Grover Hill,Dera Bugti,Pakistan,80100,832
345,Karl,Towson,ktowson9k@dot.gov,353-893-6000,5 Ilene Crossing,Niterói,Brazil,24000-000,152
346,Donny,McGeever,dmcgeever9l@trellian.com,978-109-1266,15 North Plaza,Melekeok Village,Palau,,869
347,Rosamond,Brumhead,rbrumhead9m@purevolume.com,667-212-1896,114 Lakeland Crossing,Makiyivka,Ukraine,,285
348,Genni,Sprosson,gsprosson9n@disqus.com,248-634-1966,36620 Kingsford Place,Marseille,France,13348 CEDEX 20,123
349,Ezekiel,Pennycord,epennycord9o@godaddy.com,350-140-4756,9 Waxwing Drive,La Aurora,Mexico,48338,299
350,Vick,Winkless,vwinkless9p@ask.com,925-751-3868,634 Duke Place,Shitang,China,,844
351,Vivian,Hammerstone,vhammerstone9q@jimdo.com,811-867-8818,3 Independence Parkway,Artemisa,Cuba,,211
352,Diego,Lammas,dlammas9r@microsoft.com,526-440-4069,4 Cody Junction,Kuttu,Micronesia,,606
353,Caleb,Stringer,cstringer9s@wordpress.com,314-560-7251,2206 Eggendart Road,Migrate,United States,41905,620
354,Vivyan,Geldeard,vgeldeard9t@wikimedia.org,472-380-9014,995 Village Pass,Drammen,Norway,3047,749
355,Jasmin,Goldsby,jgoldsby9u@hp.com,532-694-7101,1910 North Plaza,Saint-Avertin,France,37554 CEDEX,417
356,Lefty,Hatry,lhatry9v@disqus.com,325-374-2219,97686 Grayhawk Court,Hacıhüseynli,Azerbaijan,,472
357,Giraud,Silver,gsilver9w@hostgator.com,879-797-6776,09456 Ridgeway Trail,Wudabao,China,,818
358,Erv,Lavallie,elavallie9x@myspace.com,123-269-6405,9 Jenna Place,Desa Kertasari,Indonesia,,805
359,Myra,Ellingham,mellingham9y@google.de,932-378-6903,707 Elmside Pass,Łękawica,Poland,34-321,67
360,Sigvard,Chastel,schastel9z@twitter.com,143-651-1496,270 Chive Trail,Ketara,Indonesia,,635
361,Dorie,Evanson,devansona0@cbc.ca,706-139-9017,766 Algoma Parkway,Zhongzi,China,,259
362,Ginnifer,Peoples,gpeoplesa1@seesaa.net,357-276-9501,63 La Follette Avenue,Barrancas,Colombia,443049,470
363,Glenna,Dillon,gdillona2@jigsy.com,574-316-7371,95 Pleasure Plaza,Qianxu Zhen,China,,316
364,Jaclyn,Donson,jdonsona3@xinhuanet.com,197-722-0149,73627 Jackson Crossing,Samouco,Portugal,2890-206,113
365,Alix,Vinten,avintena4@4shared.com,202-445-6296,51819 Butterfield Junction,Bla,Mali,,446
366,Marquita,Dener,mdenera5@scribd.com,518-665-2084,4 Vernon Drive,Overyata,Russia,617071,104
367,Olympia,Wragge,owraggea6@reference.com,253-682-1018,250 Pine View Hill,Karangtengah Lor,Indonesia,,584
368,Giles,Normanton,gnormantona7@paginegialle.it,605-194-3382,13 Forest Run Parkway,Huacho,Peru,,115
369,Boycey,Raynard,braynarda8@yahoo.com,689-520-3300,74 Marquette Park,Kolyshley,Russia,442830,943
370,Mark,Woolgar,mwoolgara9@nsw.gov.au,235-468-2390,680 Truax Park,Wonorejo,Indonesia,,624
371,Ariela,Ripping,arippingaa@i2i.jp,412-595-9726,07 Jackson Trail,Pittsburgh,United States,15274,914
372,Codee,Greenrod,cgreenrodab@hugedomains.com,926-682-9927,75035 Harper Alley,Duekoué,Ivory Coast,,956
373,Minetta,Caplis,mcaplisac@toplist.cz,164-924-1221,219 Dapin Crossing,Kuteynykove,Ukraine,,26
374,Emeline,Worham,eworhamad@reverbnation.com,167-403-3281,151 Lukken Hill,São Joaquim da Barra,Brazil,14600-000,943
375,Beryle,Osborn,bosbornae@hubpages.com,738-622-5737,78 Corben Place,Santa Ana,Venezuela,,632
376,Nariko,Curston,ncurstonaf@csmonitor.com,160-302-7821,3 Almo Alley,Ngluwuk,Indonesia,,28
377,Miguela,Slaymaker,mslaymakerag@sun.com,906-579-0859,8741 Straubel Center,Fenshui,China,,419
378,Marilyn,Tester,mtesterah@barnesandnoble.com,337-552-6570,403 Fisk Point,Bairro do Margaça,Portugal,2965-530,286
379,Una,Tacker,utackerai@chronoengine.com,333-586-1362,7 Straubel Terrace,Balbagay,China,,693
380,Mair,Voice,mvoiceaj@umn.edu,376-789-9177,8 Graceland Hill,Přimda,Czech Republic,348 06,20
381,Shelli,Redd,sreddak@mapy.cz,644-155-3121,8 Reindahl Street,Újezd,Czech Republic,789 85,712
382,Konstance,Cudbertson,kcudbertsonal@comcast.net,694-906-9101,3 Paget Pass,Banjar Kubu,Indonesia,,813
383,Hendrik,Utterson,huttersonam@behance.net,905-746-6525,6 Kenwood Street,Namie,Japan,979-1543,943
384,Melisse,Skews,mskewsan@netscape.com,143-926-4787,292 Kedzie Way,La Soledad,Mexico,75498,848
385,Andra,Ervine,aervineao@w3.org,761-312-4207,9389 Florence Drive,Katabu,Indonesia,,185
386,Eyde,Elden,eeldenap@ameblo.jp,960-282-2976,899 Carpenter Lane,Zhulebino,Russia,140074,887
387,Rosamund,Stiles,rstilesaq@blogtalkradio.com,121-822-3463,65 Hagan Court,Mazowe,Zimbabwe,,225
388,Gennifer,Wrotham,gwrothamar@macromedia.com,873-270-1152,167 Garrison Parkway,Kongsvinger,Norway,2205,872
389,Wald,Mell,wmellas@topsy.com,505-597-6496,3 Sage Park,Carvoeira,Portugal,2655-034,457
390,Kristopher,McWhinnie,kmcwhinnieat@edublogs.org,133-529-7830,68743 4th Point,Nekhayevskiy,Russia,347037,751
391,Libbi,Gersam,lgersamau@house.gov,706-557-5464,2 Fulton Terrace,Lijie,China,,578
392,Salvidor,Down,sdownav@japanpost.jp,918-982-1815,57953 Bayside Avenue,Minle,China,,864
393,Aubrette,Ladell,aladellaw@ocn.ne.jp,837-261-9074,8126 Homewood Hill,Jiaoyang,China,,679
394,Marielle,Beadman,mbeadmanax@answers.com,962-654-6150,7 Mallory Hill,Jāwā,Jordan,,806
395,Rhona,Berridge,rberridgeay@theglobeandmail.com,960-246-2538,343 Del Sol Street,Longvic,France,21604 CEDEX,396
396,Nickie,Duckitt,nduckittaz@mozilla.org,115-890-6180,690 Marquette Street,Qiaobian,China,,286
397,Tarrance,Walcher,twalcherb0@ustream.tv,386-627-3252,46461 Barby Terrace,Jundian,China,,231
398,Hasheem,Dalgarno,hdalgarnob1@oakley.com,598-781-0688,53 Buhler Point,Prosyana,Ukraine,,909
399,Frazer,Full,ffullb2@cam.ac.uk,962-570-1341,09 Michigan Center,San Vicente,Philippines,6419,851
400,Darby,Hovie,dhovieb3@aboutads.info,471-989-6820,1569 Birchwood Junction,Cergy-Pontoise,France,95021 CEDEX,735
401,Florrie,Grigor,fgrigorb4@php.net,130-158-0025,4382 Sunbrook Crossing,Arras,France,62025 CEDEX,103
402,Trever,Livezley,tlivezleyb5@yellowbook.com,521-875-9390,8 Evergreen Place,Bongao,Philippines,7500,761
403,Tailor,Corke,tcorkeb6@macromedia.com,644-905-2377,814 Ludington Point,Gaotaizi,China,,707
404,Daveta,Ibbeson,dibbesonb7@globo.com,793-168-9408,605 Talisman Way,Piggs Peak,Swaziland,,688
405,Pembroke,Campbell-Dunlop,pcampbelldunlopb8@accuweather.com,372-976-5017,1363 Fair Oaks Road,Huayan,China,,303
406,Lida,Wassell,lwassellb9@senate.gov,417-850-0188,705 Porter Center,Ainaro,East Timor,,981
407,Susette,Barnet,sbarnetba@discuz.net,234-341-7101,89682 Superior Pass,Cabcaben,Philippines,2133,761
408,Iggie,Goulden,igouldenbb@about.me,271-668-8317,94 Sage Crossing,Langxi,China,,732
409,Clarisse,Glisenan,cglisenanbc@canalblog.com,549-914-1964,03 Barby Avenue,Puncakwangi,Indonesia,,309
410,Dukie,Fowlie,dfowliebd@rakuten.co.jp,184-868-5758,5899 American Parkway,Qümong,China,,15
411,Carma,Willox,cwilloxbe@census.gov,301-983-7584,0 Ridgeview Park,Tía Juana,Venezuela,,403
412,Alfonso,Biernacki,abiernackibf@yellowpages.com,468-223-6270,6516 Buell Lane,Pruszcz Gdański,Poland,83-005,680
413,Sherm,Lesor,slesorbg@mapquest.com,652-846-2069,064 Memorial Alley,Punolu,Philippines,1114,540
414,Barny,Klehyn,bklehynbh@liveinternet.ru,550-813-9787,62890 Mitchell Alley,Cirompang,Indonesia,,25
415,Flinn,Roles,frolesbi@cpanel.net,368-659-2970,606 Badeau Center,Hengbanqiao,China,,659
416,Colas,Fillon,cfillonbj@fema.gov,310-949-8504,3522 Northview Junction,Feuknoni,Indonesia,,48
417,Vannie,Presswell,vpresswellbk@answers.com,523-842-1635,6 Ronald Regan Crossing,Wanareja,Indonesia,,687
418,Dawna,Sarre,dsarrebl@i2i.jp,631-945-0600,17 Mesta Junction,Muravlenko,Russia,102293,659
419,Heywood,Cunio,hcuniobm@netvibes.com,224-380-0350,7258 Park Meadow Trail,Tarhuna,Libya,,157
420,Rufe,Donnison,rdonnisonbn@opera.com,777-885-5896,7 Mitchell Plaza,Ban Lam Luk Ka,Thailand,77140,325
421,Katharine,Chirm,kchirmbo@slashdot.org,665-198-5127,9 Stoughton Crossing,Keroak,Indonesia,,402
422,Aeriela,Kordova,akordovabp@admin.ch,727-749-8856,4 Lerdahl Park,Namwala,Zambia,,957
423,Jervis,Goodge,jgoodgebq@cdc.gov,473-591-6713,16730 Mcbride Place,Korotych,Ukraine,,846
424,Agnola,Westwell,awestwellbr@creativecommons.org,181-636-4852,705 Clove Way,Buta,Democratic Republic of the Congo,,781
425,Silvana,Koppel,skoppelbs@answers.com,502-184-2834,8 Westend Hill,Wu’erqihan,China,,806
426,Walt,Wickey,wwickeybt@addtoany.com,719-332-6437,70276 Corben Point,Komsomolets,Kazakhstan,,532
427,Stu,Gould,sgouldbu@businesswire.com,126-159-2750,69766 Spaight Hill,Kingersheim,France,68264 CEDEX,888
428,Kip,Dorrity,kdorritybv@squarespace.com,301-395-3671,4 Sycamore Road,Baddomalhi,Pakistan,22501,758
429,Olympia,Teasdale-Markie,oteasdalemarkiebw@blinklist.com,502-958-3952,3 Hoffman Crossing,Fencheng,China,,868
430,Valentina,Cranson,vcransonbx@multiply.com,140-520-6054,1 Everett Point,Marsh Harbour,Bahamas,,764
431,Marisa,Lishman,mlishmanby@fda.gov,261-684-6534,0880 Sherman Plaza,Wenchang,China,,82
432,Eve,Vize,evizebz@phpbb.com,122-823-1486,36 Ludington Circle,Tamot,Thailand,93160,716
433,Tally,Goldson,tgoldsonc0@miitbeian.gov.cn,471-730-7994,07 Susan Lane,Pigeiros,Portugal,4505-854,59
434,Giustino,Crocombe,gcrocombec1@behance.net,745-994-2151,00 Longview Street,El Dividive,Venezuela,,8
435,Austen,Schoular,aschoularc2@taobao.com,651-278-1985,207 Nova Circle,Hyżne,Poland,36-067,933
436,Lurette,Wilshere,lwilsherec3@vimeo.com,819-795-5270,493 Truax Way,Toulouse,France,31085 CEDEX 2,635
437,Delmore,Gately,dgatelyc4@deliciousdays.com,149-205-5733,42522 Troy Place,Xitieshan,China,,365
438,Maryjane,Filov,mfilovc5@sogou.com,365-461-6896,39821 Ronald Regan Court,Baldone,Latvia,,688
439,Monika,Cosgrove,mcosgrovec6@dion.ne.jp,259-455-2526,204 Roth Plaza,Takub,Philippines,6700,63
440,Bobbye,Ramsbotham,bramsbothamc7@xinhuanet.com,212-239-5594,302 Thompson Lane,Heerlen,Netherlands,6404,751
441,Angele,Bennell,abennellc8@wix.com,947-386-3133,03 Pond Junction,Noemuti,Indonesia,,727
442,Gabriela,Jarvie,gjarviec9@cafepress.com,587-846-7629,24 Northridge Street,Agua Blanca,Guatemala,22004,27
443,Windham,Bownass,wbownassca@booking.com,539-344-4549,85 Jenifer Lane,Ob’,Russia,633104,439
444,Darline,Mordie,dmordiecb@irs.gov,985-903-4751,034 Northland Circle,Malibago,Philippines,6213,606
445,Kirsteni,Diplock,kdiplockcc@lycos.com,102-765-7518,0 Roxbury Crossing,Hanfeng,China,,431
446,Antonino,Cervantes,acervantescd@msn.com,599-263-8007,40145 Stephen Drive,Shangshaleng,China,,440
447,Caressa,Luckham,cluckhamce@rambler.ru,273-666-6444,31643 Sunnyside Drive,Trzebiatów,Poland,72-321,746
448,Christine,Licciardo,clicciardocf@yellowbook.com,455-503-7566,903 Brown Way,Priboj,Serbia,,88
449,Herman,Faunt,hfauntcg@netlog.com,721-382-2432,049 Oriole Street,Thị Trấn Triệu Sơn,Vietnam,,796
450,Onfroi,Laterza,olaterzach@unc.edu,512-592-2171,274 Goodland Alley,Sabang,Philippines,5203,852
451,Sharia,Rubinow,srubinowci@myspace.com,944-851-4084,62833 Utah Crossing,Kristinehamn,Sweden,681 37,211
452,Gwyn,Catling,gcatlingcj@edublogs.org,786-133-3574,77 Lien Junction,Sandefjord,Norway,3230,64
453,Peder,Lambertini,plambertinick@surveymonkey.com,882-175-7378,254 Vermont Drive,Conception Bay South,Canada,A1X,593
454,Booth,Rosenqvist,brosenqvistcl@usgs.gov,192-248-4222,83175 Center Place,Sungayang,Indonesia,,144
455,Kinsley,Haddington,khaddingtoncm@irs.gov,456-591-3716,2210 Rieder Lane,Czeremcha,Poland,17-240,270
456,Dodie,Freschini,dfreschinicn@deliciousdays.com,977-691-9803,2471 Service Terrace,Buraen,Indonesia,,846
457,Marlene,Ewan,mewanco@dropbox.com,636-777-5094,352 Petterle Hill,Ebak,Indonesia,,74
458,Coralyn,Angel,cangelcp@lulu.com,472-644-4536,1 Hoepker Circle,Birayang,Indonesia,,971
459,Olivette,Thackeray,othackeraycq@marriott.com,644-949-1546,9 School Center,Mushu,China,,293
460,Chicky,Ealam,cealamcr@e-recht24.de,507-403-4024,11560 Summerview Pass,Laimuda,Indonesia,,95
461,Dex,Goudard,dgoudardcs@paginegialle.it,721-360-1809,42 Leroy Pass,Kokterek,Kazakhstan,,183
462,Cindee,Hefferon,chefferonct@bravesites.com,510-873-6150,55910 Crescent Oaks Center,Yanggang,China,,911
463,Marmaduke,Robottom,mrobottomcu@aboutads.info,753-540-0425,6 Golf Course Avenue,Shuiyang,China,,222
464,Devora,Shah,dshahcv@google.ru,188-211-6038,0081 Glendale Terrace,Tangyin,China,,283
465,Ashil,Corwood,acorwoodcw@merriam-webster.com,954-590-8514,20946 Muir Pass,Hollywood,United States,33023,490
466,Hanson,le Keux,hlekeuxcx@un.org,605-964-1791,972 Bowman Drive,Ciulu,Indonesia,,981
467,Martina,Dolphin,mdolphincy@gizmodo.com,198-610-3691,6 Tony Crossing,Nancheng,China,,397
468,Robinette,Hardaker,rhardakercz@pinterest.com,339-960-6377,34 Westend Point,Taokeng,China,,483
469,Whitman,Binnion,wbinniond0@360.cn,515-147-9045,06402 Jackson Road,Cuijiamatou,China,,287
470,Edouard,Domotor,edomotord1@europa.eu,845-484-3592,2563 Doe Crossing Place,Batubantar,Indonesia,,705
471,Minta,Sangwin,msangwind2@ft.com,259-335-6037,8871 Prairieview Plaza,Heshui,China,,891
472,Emmie,Rodrigues,erodriguesd3@cocolog-nifty.com,383-361-4098,14 Sachs Lane,Horad Barysaw,Belarus,,750
473,Lisette,McClurg,lmcclurgd4@arizona.edu,330-360-0718,12 Iowa Junction,Langkap,Indonesia,,966
474,Marissa,Beadnall,mbeadnalld5@usda.gov,169-864-6854,28086 Randy Way,Mulyosari,Indonesia,,950
475,Carmelle,Temporal,ctemporald6@utexas.edu,378-454-8268,8410 Saint Paul Alley,Kozelets’,Ukraine,,779
476,Dotty,Rattery,dratteryd7@issuu.com,511-624-3786,57 Pawling Trail,Liutao,China,,733
477,Ignace,Revie,irevied8@pagesperso-orange.fr,902-782-0108,01993 Delaware Junction,Kafr ad Dīk,Palestinian Territory,,325
478,Rory,Kighly,rkighlyd9@chicagotribune.com,189-533-2031,1 Washington Parkway,Webuye,Kenya,,349
479,Anabel,Gobeau,agobeauda@accuweather.com,843-694-7059,1 Oriole Park,Binabaan,Philippines,5034,353
480,Adora,Wickerson,awickersondb@accuweather.com,315-229-2387,007 Del Sol Crossing,Cigaras,Philippines,4010,521
481,Constantin,MacNucator,cmacnucatordc@cyberchimps.com,143-566-1578,8916 Vermont Crossing,Hisings Kärra,Sweden,425 33,602
482,Tadeas,Govini,tgovinidd@ucla.edu,623-997-5523,2106 Sachs Parkway,Niyang,China,,181
483,Emerson,Johansen,ejohansende@diigo.com,456-689-7699,9677 Roxbury Way,Palekastro,Greece,,716
484,Theodora,Spadaro,tspadarodf@nifty.com,895-279-7748,995 Elka Hill,Radenković,Serbia,,423
485,Alejandrina,Aucock,aaucockdg@virginia.edu,782-312-8710,15165 Maple Terrace,Vári,Greece,,748
486,Querida,Longmaid,qlongmaiddh@nature.com,291-604-7987,277 Valley Edge Point,Shiziling,China,,203
487,Benson,Gilroy,bgilroydi@sina.com.cn,493-244-6558,50478 Dayton Hill,Novokubansk,Russia,352244,96
488,Colman,Olekhov,colekhovdj@seesaa.net,916-969-3320,3036 Michigan Park,Al Ghāriyah,Syria,,275
489,Bale,Paolucci,bpaoluccidk@sina.com.cn,700-188-7858,8671 Maryland Way,Kalepasan,Indonesia,,85
490,Adelind,Itzhaiek,aitzhaiekdl@vinaora.com,936-888-6706,697 Westerfield Parkway,Itatskiy,Russia,652245,115
491,Skyler,Caldera,scalderadm@tinypic.com,509-557-7348,7 Bayside Plaza,Kristiansund N,Norway,6517,768
492,Dov,Gravet,dgravetdn@cam.ac.uk,546-738-4989,32 Sunfield Avenue,Aquia,Peru,,101
493,Consuela,Lackham,clackhamdo@ow.ly,844-792-0462,69 Marcy Park,Dzüünkharaa,Mongolia,,458
494,Petronilla,Ellington,pellingtondp@pcworld.com,621-405-3095,401 Thompson Lane,Gwio Kura,Nigeria,,753
495,Tobe,Shepstone,tshepstonedq@eepurl.com,948-628-1443,241 Donald Place,Ashmūn,Egypt,,19
496,Hilary,Kobu,hkobudr@google.co.uk,282-846-3546,602 Rutledge Terrace,Nyinqug,China,,454
497,Prissie,Walbrook,pwalbrookds@example.com,619-943-5894,94702 Charing Cross Plaza,Anjirserapat,Indonesia,,486
498,Amye,Scneider,ascneiderdt@slashdot.org,589-419-6701,8 Mayfield Park,Legionowo,Poland,05-122,3
499,Cornie,Farherty,cfarhertydu@hp.com,168-579-2961,4 Lunder Terrace,Falun,Sweden,791 91,291
500,Miguelita,Saladin,msaladindv@cyberchimps.com,520-203-0783,3 Carioca Park,Curridabat,Costa Rica,11801,899
501,Sandro,Le Friec,slefriecdw@ovh.net,972-272-9880,145 Dahle Trail,Bennäs,Finland,02701,442
502,Damian,Wiggett,dwiggettdx@amazon.co.uk,451-442-2513,0 Evergreen Trail,Chorkówka,Poland,38-458,597
503,Fleurette,Alpin,falpindy@imdb.com,837-911-5865,66 Fairfield Center,Dhahab,Egypt,,415
504,Harlin,Isacq,hisacqdz@twitter.com,421-713-7269,7 Melvin Crossing,Cartago,Colombia,762027,90
505,Clair,Strauss,cstrausse0@youtube.com,504-599-2416,487 Bay Lane,General Alvear,Argentina,3361,922
506,Anderea,O'Dowd,aodowde1@blogtalkradio.com,325-393-9520,8 Ludington Circle,Salvaleón de Higüey,Dominican Republic,11906,360
507,Jacquelyn,Sandells,jsandellse2@apple.com,826-327-2389,7 Village Point,Suidong,China,,387
508,Rafaello,McGloughlin,rmcgloughline3@rediff.com,483-216-1151,06 Kingsford Street,Krajan,Indonesia,,406
509,Lon,Knowlson,lknowlsone4@npr.org,785-245-5553,52579 Fieldstone Drive,Firavitoba,Colombia,152257,923
510,Osgood,Kira,okirae5@freewebs.com,995-547-3595,47427 Moulton Junction,Huangjiazhai,China,,599
511,Myranda,Veall,mvealle6@cbc.ca,971-572-8997,15704 Gina Alley,Manlucahoc,Philippines,2805,191
512,Clotilda,Thirlwall,cthirlwalle7@yellowpages.com,439-719-4238,44303 Mallard Alley,Machala,Ecuador,,257
513,Wendell,Phillip,wphillipe8@digg.com,770-718-6701,82 Farragut Trail,Wangba,China,,388
514,Martainn,Denniss,mdennisse9@nps.gov,896-492-3388,212 Raven Road,Haoping,China,,664
515,Katrinka,Reglar,kreglarea@adobe.com,629-145-9309,007 Little Fleur Street,Limanancong,Philippines,8102,201
516,Dean,Roydon,droydoneb@cam.ac.uk,848-903-4202,97 Old Shore Street,Begejci,Serbia,,25
517,Kaia,Hunt,khuntec@house.gov,560-859-7547,6101 Loomis Crossing,Tuwiri Wetan,Indonesia,,921
518,Elfrieda,Whear,ewheared@ameblo.jp,883-698-1476,24873 Fairview Center,Valdice,Czech Republic,512 51,656
519,Ethan,Fassmann,efassmannee@buzzfeed.com,305-680-4960,33 Sherman Trail,Liangli,China,,736
520,Red,Klisch,rklischef@newsvine.com,528-536-1395,0 Canary Lane,Ladan,Indonesia,,683
521,Sally,Stemson,sstemsoneg@quantcast.com,632-865-3179,2333 Bowman Road,Budta,Philippines,1774,903
522,Donella,Stathor,dstathoreh@narod.ru,804-792-2519,3744 Grim Alley,Manassas,United States,22111,376
523,Minette,Mathevet,mmathevetei@people.com.cn,521-529-1461,93 Brickson Park Pass,Skellefteå,Sweden,931 77,712
524,Shannon,Bleasdille,sbleasdilleej@ox.ac.uk,299-270-6155,79 Judy Alley,Jam,Iran,,419
525,Shandee,Coppo,scoppoek@hc360.com,317-428-9310,4 Knutson Terrace,Somita,Gambia,,178
526,Susy,Poulglais,spoulglaisel@gizmodo.com,980-636-3858,633 Clyde Gallagher Park,La Huaca,Peru,,594
527,Noemi,Scardefield,nscardefieldem@addtoany.com,442-110-9775,27 Carberry Lane,Las Toscas,Uruguay,,723
528,Daphna,Pilgram,dpilgramen@nature.com,613-992-9772,1381 David Way,Longquan,China,,455
529,Eduino,McLarty,emclartyeo@ftc.gov,112-343-2851,9 Melby Crossing,Guadalupe Victoria,Mexico,87086,602
530,Padgett,Piner,ppinerep@yahoo.com,146-232-8984,3 Starling Junction,Fairview,Ireland,D17,960
531,Randell,Arrandale,rarrandaleeq@ihg.com,428-603-7877,0362 Thompson Point,Kalenderovci Donji,Bosnia and Herzegovina,,264
532,Beret,Paquet,bpaqueter@nifty.com,104-363-7326,085 Miller Park,Jeding,Indonesia,,286
533,Marje,Stonman,mstonmanes@youtube.com,348-966-6104,4 Warrior Trail,Prilep,Macedonia,7500,608
534,Phillie,Giacobini,pgiacobiniet@nhs.uk,383-690-3866,144 Hermina Plaza,Kromy,Russia,303211,82
535,Elbertine,Eye,eeyeeu@ask.com,334-597-5775,128 Vera Street,Huhe,China,,840
536,Peggie,Painter,ppainterev@ifeng.com,904-945-3365,37629 Jenna Trail,Jalal-Abad,Kyrgyzstan,,917
537,Gerry,Suller,gsullerew@vistaprint.com,693-404-0517,0078 Lotheville Point,Huilong,China,,722
538,Domenic,Bonas,dbonasex@multiply.com,173-896-1964,26 Knutson Drive,Codrington,Antigua and Barbuda,,114
539,Kerby,Jelf,kjelfey@sohu.com,836-466-3812,2996 Texas Circle,Soloma,Guatemala,13008,259
540,Duke,Sowley,dsowleyez@admin.ch,188-249-2810,526 Killdeer Parkway,Ishikari,Japan,637-0404,293
541,Shalna,Koeppke,skoeppkef0@stanford.edu,827-882-6695,7 Beilfuss Lane,Point Hill,Jamaica,,84
542,Umberto,Tomasian,utomasianf1@xinhuanet.com,310-266-0503,39890 Grasskamp Trail,Vischongo,Peru,,202
543,Pavia,Stot,pstotf2@tripadvisor.com,302-471-5353,9 Kensington Place,Shalazhi,Russia,366526,721
544,Ringo,Skpsey,rskpseyf3@vk.com,543-616-1701,0909 Ridgeway Trail,Kebunkelapa,Indonesia,,524
545,Dolf,Gaddesby,dgaddesbyf4@weather.com,405-128-3276,2 Bultman Junction,Itbayat,Philippines,3905,70
546,Harbert,Carlo,hcarlof5@loc.gov,147-188-1359,709 Kedzie Park,Honiara,Solomon Islands,,264
547,Tomasina,Hovard,thovardf6@sphinn.com,407-450-6183,584 High Crossing Road,Paris 12,France,75562 CEDEX 12,424
548,Glynis,Morcom,gmorcomf7@arstechnica.com,703-125-9119,8 Del Mar Parkway,Capayán,Argentina,4726,557
549,Marley,Frapwell,mfrapwellf8@taobao.com,815-711-3454,564 Maryland Crossing,Mitrópoli,Greece,,781
550,Fabian,Glasby,fglasbyf9@fema.gov,451-357-4914,97 Canary Way,Kokas,Indonesia,,549
551,Dale,Stanett,dstanettfa@theguardian.com,936-449-2130,4 Morning Junction,Kampunglistrik,Indonesia,,384
552,Rosaline,Bayston,rbaystonfb@narod.ru,669-385-3650,84599 Division Hill,Jalālābād,Afghanistan,,554
553,Letty,Veel,lveelfc@flickr.com,913-973-2346,90209 Monica Street,Petukhovo,Russia,641642,407
554,Thayne,Geerdts,tgeerdtsfd@pcworld.com,468-818-8648,3 Badeau Junction,Berlin,Germany,10715,479
555,Dale,Davet,ddavetfe@github.com,351-185-7179,3212 Northridge Road,Barkol,China,,738
556,Caz,Houlson,choulsonff@wiley.com,119-185-7392,60883 Grim Junction,Sasovo,Russia,391448,855
557,Shara,Burdge,sburdgefg@nbcnews.com,191-165-8904,2 Melvin Terrace,Lemery,Philippines,5043,118
558,Steffane,Splevins,ssplevinsfh@elpais.com,626-765-1973,47 Northview Trail,Alhambra,United States,91841,275
559,Laurette,Loseke,llosekefi@usda.gov,342-937-3662,1 Dovetail Trail,Tomelilla,Sweden,273 30,275
560,Alfy,Cullinan,acullinanfj@noaa.gov,222-372-3721,534 Petterle Center,San Agustin,Mexico,29480,687
561,Fedora,Larking,flarkingfk@zimbio.com,911-223-4468,2370 Knutson Junction,Pinheiral,Portugal,4625-253,985
562,Vilma,Eddisford,veddisfordfl@chron.com,249-551-3900,78 Bultman Road,Khlong Khuean,Thailand,34280,399
563,Idell,Kennagh,ikennaghfm@seattletimes.com,691-598-3940,00 Fulton Way,Facatativá,Colombia,253017,189
564,Freddy,Churn,fchurnfn@t-online.de,923-607-7042,0 Raven Street,Charleville-Mézières,France,08107 CEDEX,31
565,Jason,Tebbett,jtebbettfo@bravesites.com,189-969-3979,82 Fordem Trail,Guantouzui,China,,136
566,Ariel,Casham,acashamfp@networksolutions.com,883-264-9730,91085 Troy Pass,Glyadyanskoye,Russia,641400,124
567,Juliette,Grisley,jgrisleyfq@kickstarter.com,602-660-6597,2348 Waywood Alley,Rozkishne,Ukraine,,199
568,Raynell,McArley,rmcarleyfr@ucla.edu,979-259-2593,747 Lotheville Point,Debre Mark’os,Ethiopia,,471
569,Rubina,Pareman,rparemanfs@cafepress.com,451-343-4655,5 Farmco Plaza,Tianchi,China,,908
570,Hope,Fleetham,hfleethamft@google.com.au,226-880-2071,1 Fieldstone Junction,Yuanqiao,China,,805
571,Joseph,Oke,jokefu@ft.com,277-467-9138,754 Messerschmidt Drive,Oepula,Indonesia,,309
572,Nicoli,Boxell,nboxellfv@digg.com,757-791-0616,825 Forest Center,Tamisan,Philippines,6709,623
573,Justina,Warner,jwarnerfw@google.cn,593-581-5489,263 8th Terrace,Guiping,China,,317
574,Towny,Arents,tarentsfx@aboutads.info,479-840-0581,233 Londonderry Lane,Buga,Colombia,763049,369
575,Chariot,Sivorn,csivornfy@skype.com,734-242-5865,97 Sloan Parkway,Āzādshahr,Iran,,353
576,Stavro,Hannum,shannumfz@sbwire.com,718-860-1409,67802 Monica Alley,Dayr Mawās,Egypt,,187
577,Deirdre,Lauritsen,dlauritseng0@sohu.com,320-337-6404,770 Old Gate Center,Dauriya,Russia,674660,546
578,Shawnee,Titheridge,stitheridgeg1@disqus.com,386-992-2651,18717 Farragut Center,Ruokolahti,Finland,56101,753
579,Corliss,Hazlehurst,chazlehurstg2@buzzfeed.com,355-250-1573,48687 Redwing Center,Helsingborg,Sweden,252 30,947
580,Clemence,Hartshorn,chartshorng3@4shared.com,751-611-1041,590 Canary Place,Rabaul,Papua New Guinea,,561
581,Husein,Moulds,hmouldsg4@spiegel.de,911-571-9682,6765 Trailsway Pass,Älvsjö,Sweden,125 71,110
582,Minna,I'anson,miansong5@businessinsider.com,665-764-0175,8796 Lyons Point,Muladbucad,Philippines,1095,930
583,Nicolette,Feaveryear,nfeaveryearg6@sogou.com,222-479-6032,495 Jenna Terrace,Vukojevci,Croatia,31500,47
584,Gaylor,Sarver,gsarverg7@icq.com,861-284-2506,6 Haas Road,Dangshun,China,,275
585,Ambros,Gonsalvo,agonsalvog8@washingtonpost.com,749-631-3490,49416 Lakewood Junction,Bailuquan,China,,995
586,Prinz,O'Mullaney,pomullaneyg9@mozilla.com,714-341-7901,38 Lyons Way,Waepau,Indonesia,,889
587,Charissa,Angelini,cangeliniga@google.ca,112-231-0880,43 Menomonie Pass,Xinheng,China,,26
588,Caitrin,Moran,cmorangb@hostgator.com,683-591-9288,4230 Springs Terrace,Chistopol’,Russia,422986,136
589,Wilona,Cameli,wcameligc@stumbleupon.com,214-530-0916,0180 Algoma Center,Keda,China,,243
590,Lamond,Jacmard,ljacmardgd@google.co.uk,385-538-6623,2 Badeau Circle,Changjiang,China,,530
591,Linus,Casley,lcasleyge@imgur.com,110-408-4451,5 Lyons Way,Kolindrós,Greece,,147
592,Rudolf,Bonny,rbonnygf@bravesites.com,810-127-8442,64 Helena Circle,Pacet,Indonesia,,12
593,Danila,Walasik,dwalasikgg@nytimes.com,953-775-4345,18151 Welch Avenue,Furmanov,Russia,155526,73
594,Patty,Tuxwell,ptuxwellgh@npr.org,682-942-1031,94280 Portage Point,San Carlos de Bolívar,Argentina,6550,116
595,Bradley,Gipp,bgippgi@ucla.edu,301-229-7858,9243 Gale Avenue,Altos,Paraguay,,801
596,Elinor,Dene,edenegj@linkedin.com,768-450-6428,2914 Holmberg Pass,Baofeng,China,,320
597,Fitz,Riccione,friccionegk@technorati.com,504-416-9650,89 Schmedeman Lane,New Orleans,United States,70116,725
598,Clair,Knight,cknightgl@forbes.com,421-474-2488,1 Washington Way,Burgastai,China,,605
599,Rheta,Gresser,rgressergm@cisco.com,816-535-5049,71641 Warrior Terrace,Tripoli,Lebanon,,89
600,Fielding,Craney,fcraneygn@mashable.com,536-736-1093,2 Stoughton Court,Daijiaba,China,,490
601,Collete,Laird-Craig,clairdcraiggo@technorati.com,718-554-6771,9218 Old Gate Point,Margen,Philippines,2416,684
602,Filip,Dykes,fdykesgp@miitbeian.gov.cn,669-188-1080,1140 Porter Center,Cantaura,Venezuela,,356
603,Elinore,Heatherington,eheatheringtongq@ucoz.ru,422-880-7311,0 Clove Way,Skovorodino,Russia,676015,732
604,Gilemette,Lamdin,glamdingr@constantcontact.com,724-583-3630,979 Mesta Hill,Bakıxanov,Azerbaijan,,486
605,Amelia,Maudsley,amaudsleygs@rakuten.co.jp,784-483-2776,55649 Mccormick Center,San Sebastian,Philippines,6714,595
606,Danyelle,Spier,dspiergt@typepad.com,280-217-2067,4441 Mayer Trail,Qŭshkŭpir,Uzbekistan,,105
607,Galina,Del Castello,gdelcastellogu@fastcompany.com,622-558-6474,4 Waubesa Drive,Oslo,Norway,0173,547
608,Rosene,Brighty,rbrightygv@furl.net,544-176-3635,85216 Knutson Lane,Kalmar,Sweden,392 30,794
609,Adham,Bestiman,abestimangw@merriam-webster.com,273-644-1211,4 Menomonie Crossing,Donghe,China,,576
610,Jinny,Rubrow,jrubrowgx@arizona.edu,564-995-8717,2034 Melrose Place,Suslonger,Russia,425050,533
611,Ilyse,Crutchley,icrutchleygy@livejournal.com,842-735-2321,7304 Crest Line Drive,Nanniu,China,,881
612,Arty,Gosling,agoslinggz@vistaprint.com,230-523-1210,66 Clarendon Park,Aubagne,France,13681 CEDEX,873
613,Lamont,Reddlesden,lreddlesdenh0@senate.gov,342-706-6936,98288 Marquette Street,Chichigalpa,Nicaragua,,887
614,Stephanie,Vigars,svigarsh1@dell.com,904-956-5147,5812 Cordelia Road,Siikajoki,Finland,92320,736
615,Rodrick,Rendle,rrendleh2@businessweek.com,703-802-9475,43881 Sutteridge Hill,Wonoharjo,Indonesia,,435
616,Hamilton,Wyer,hwyerh3@xrea.com,738-126-9258,185 Golf Trail,Ban Phai,Thailand,40110,639
617,Toma,Gladdish,tgladdishh4@webeden.co.uk,569-764-9032,87586 5th Parkway,Oslo,Norway,0873,403
618,Natalina,Maplethorpe,nmaplethorpeh5@github.com,242-591-3784,7120 Dakota Avenue,Carleton-sur-Mer,Canada,P0T,916
619,Den,Northin,dnorthinh6@canalblog.com,643-581-2628,51 Pine View Parkway,Stari Lec,Serbia,,187
620,Netti,MacCheyne,nmaccheyneh7@wix.com,162-650-7251,51 Oxford Junction,Bahía Blanca,Argentina,8000,628
621,Angelico,Ranking,arankingh8@123-reg.co.uk,671-234-9768,442 Logan Place,Ad Dujayl,Iraq,,844
622,Desiree,Markwelley,dmarkwelleyh9@google.com,845-786-5677,34 South Lane,La Cañada,Mexico,53570,205
623,Tamara,Schuricht,tschurichtha@liveinternet.ru,214-418-9165,68960 Vermont Plaza,Orodara,Burkina Faso,,118
624,Kylie,Rossbrooke,krossbrookehb@devhub.com,920-545-8644,954 Sommers Park,Yujin,China,,161
625,Georgina,Sivorn,gsivornhc@zimbio.com,375-552-0793,78 Surrey Alley,Starobaltachevo,Russia,452988,488
626,Philbert,Ainsbury,painsburyhd@stumbleupon.com,749-484-4732,5218 Dixon Pass,Kalmar,Sweden,391 21,546
627,James,Espinet,jespinethe@cornell.edu,875-417-6623,12 Grayhawk Parkway,Mangusu,Philippines,5503,462
628,Willey,Yoodall,wyoodallhf@mtv.com,663-877-7312,18910 Brentwood Avenue,Ban Tak,Thailand,63120,567
629,Skyler,McRannell,smcrannellhg@facebook.com,206-855-9146,9 Commercial Point,Ágios Stéfanos,Greece,,241
630,Jamal,Rickson,jricksonhh@berkeley.edu,759-206-5995,33 Burrows Parkway,Perdões,Brazil,37260-000,181
631,Debbie,Dulwitch,ddulwitchhi@free.fr,851-968-4694,619 Farmco Lane,Quince Mil,Peru,,768
632,Stace,Coarser,scoarserhj@webeden.co.uk,946-631-5736,57715 Florence Junction,Apalit,Philippines,2016,130
633,Cash,Haps,chapshk@unesco.org,827-756-5709,78 Jenna Plaza,Rancageneng Satu,Indonesia,,533
634,Cami,Suffe,csuffehl@wix.com,936-178-1879,8796 Oneill Court,Stulovo,Russia,613648,195
635,Waring,Grindle,wgrindlehm@deliciousdays.com,820-213-4199,66 Hanson Alley,Chouto,Portugal,2140-215,865
636,Pearl,Perryn,pperrynhn@clickbank.net,254-114-0020,2236 Mockingbird Junction,Pañgobilian,Philippines,9217,704
637,Bone,Rays,braysho@salon.com,703-306-6728,4 Grasskamp Lane,Wuquan,China,,145
638,Em,Filippyev,efilippyevhp@slideshare.net,350-323-1054,9 Riverside Place,Zhongguanyi,China,,449
639,Edyth,Volant,evolanthq@liveinternet.ru,636-724-5707,9 Truax Circle,Balaka,Malawi,,511
640,Gerrie,Cardus,gcardushr@techcrunch.com,377-581-2803,93 Blaine Pass,Zanjān,Iran,,337
641,Peg,Martland,pmartlandhs@spotify.com,734-630-0181,6647 Dovetail Plaza,Abadou,Morocco,,112
642,Allie,Brosio,abrosioht@salon.com,212-770-5903,79 Bobwhite Circle,Partang,China,,787
643,Ellissa,Steenson,esteensonhu@ezinearticles.com,562-853-7962,178 Towne Junction,San Carlos,Colombia,232517,448
644,Kitti,Pervoe,kpervoehv@mapy.cz,292-357-8805,509 Kedzie Crossing,Zbůch,Czech Republic,330 22,329
645,Max,Cussen,mcussenhw@wunderground.com,412-759-0951,2282 Lake View Parkway,Pittsburgh,United States,15274,109
646,Idette,Colloff,icolloffhx@zimbio.com,927-609-5173,00 Blue Bill Park Lane,Chunmuying,China,,510
647,Sonny,Kilkenny,skilkennyhy@youtu.be,350-265-0231,0 Arrowood Avenue,Paraiso,Philippines,1104,459
648,Petey,Comino,pcominohz@instagram.com,727-897-6293,3 Drewry Drive,Cotaparaco,Peru,,75
649,Karoly,Watterson,kwattersoni0@nps.gov,900-820-4511,1584 Red Cloud Hill,Monching,Philippines,7006,178
650,Clarice,Boate,cboatei1@arstechnica.com,225-209-8489,0 Bonner Terrace,São Sebastião,Brazil,11600-000,570
651,Gilly,Ribey,gribeyi2@bandcamp.com,387-166-6976,55 Glendale Lane,Boyeros,Cuba,,721
652,Cesare,Lacrouts,clacroutsi3@archive.org,150-830-0828,837 Debra Junction,Ji’an,China,,884
653,Romona,Copland,rcoplandi4@ft.com,563-334-9669,877 Almo Point,Taung,South Africa,8609,66
654,Tallulah,Cooper,tcooperi5@upenn.edu,252-583-3899,4 Maple Avenue,Owase,Japan,519-3674,4
655,Robinson,Rohmer,rrohmeri6@facebook.com,503-692-9644,43 Kings Circle,Nagutskoye,Russia,357239,13
656,Roseann,Dobeson,rdobesoni7@harvard.edu,789-878-6774,7 Orin Junction,Reni,Ukraine,,771
657,Felicity,McClifferty,fmccliffertyi8@example.com,271-167-4676,242 Kingsford Avenue,Sernovodsk,Russia,366702,728
658,Kelila,Arens,karensi9@nasa.gov,824-579-8867,4 Orin Alley,Bangolo,Ivory Coast,,591
659,Bertie,Derges,bdergesia@newsvine.com,694-459-7125,1822 Clyde Gallagher Parkway,Kruhlaye,Belarus,,969
660,Eleanore,Ramstead,eramsteadib@oaic.gov.au,697-444-5420,5 Hooker Trail,Ilihan,Philippines,1745,246
661,Hailee,Latek,hlatekic@wsj.com,106-456-0662,71 Heffernan Pass,Voskhod,Ukraine,,315
662,Anders,Lightollers,alightollersid@examiner.com,819-121-1370,930 Bellgrove Point,Juan L. Lacaze,Uruguay,,585
663,Bridie,Marchenko,bmarchenkoie@csmonitor.com,597-954-5723,88 Delaware Lane,Terrugem,Portugal,2770-024,941
664,Karissa,Pyrke,kpyrkeif@cafepress.com,843-341-0489,3660 Clyde Gallagher Point,Gävle,Sweden,801 38,212
665,Jerrie,Klimaszewski,jklimaszewskiig@unicef.org,672-473-0363,82566 Havey Drive,Manjing,China,,813
666,Gerrard,Keach,gkeachih@fc2.com,985-237-3199,348 Walton Crossing,La Courneuve,France,93126 CEDEX,107
667,Harlin,Kingswold,hkingswoldii@mysql.com,291-161-9531,3021 Merrick Street,Vale de Vila,Portugal,5130-472,498
668,Mattie,Conaghan,mconaghanij@diigo.com,870-103-2249,4 Elgar Terrace,Kapitanivka,Ukraine,,911
669,Kayne,Agdahl,kagdahlik@bravesites.com,950-577-7850,615 Susan Circle,Acandí,Colombia,278018,647
670,Egor,Apps,eappsil@live.com,790-927-6798,3665 Green Place,Paris La Défense,France,92974 CEDEX,706
671,Lillis,Lebang,llebangim@github.com,206-321-7936,9416 Sunbrook Alley,Zlynka,Ukraine,,490
672,Orelie,Kildahl,okildahlin@desdev.cn,531-728-6846,73291 Amoth Circle,Paitan,Philippines,9801,984
673,Clyve,Zuker,czukerio@eepurl.com,334-290-8102,09 1st Circle,Marintoc,Philippines,5401,228
674,Dorri,Kinkead,dkinkeadip@sciencedaily.com,886-714-8019,0334 Eggendart Circle,Amper,Nigeria,,330
675,Nap,Baldick,nbaldickiq@barnesandnoble.com,210-723-8537,105 Coolidge Hill,Presidente Venceslau,Brazil,19400-000,220
676,Walther,Bearman,wbearmanir@forbes.com,668-905-3095,29 Sutteridge Circle,Turbo,Colombia,057869,746
677,Vladamir,Shackleford,vshacklefordis@sbwire.com,609-646-0614,48729 Moland Parkway,Laiwu,China,,72
678,Gabriele,Cawood,gcawoodit@sourceforge.net,165-611-3877,5360 Towne Terrace,Uralets,Russia,622910,556
679,Netti,Rylands,nrylandsiu@epa.gov,673-402-3486,5776 Troy Circle,Ulyanovsk,Russia,432980,343
680,Arabelle,Szymoni,aszymoniiv@ted.com,189-563-6663,94049 Paget Drive,Wugong,China,,770
681,Skippie,Grocock,sgrocockiw@paginegialle.it,284-796-9436,5436 Pond Terrace,Srbinovo,Macedonia,1239,783
682,Kelley,Erwin,kerwinix@dailymail.co.uk,855-824-2623,154 Cherokee Avenue,Kidričevo,Slovenia,2325,420
683,Eugine,Quant,equantiy@aboutads.info,574-785-6428,107 Dayton Way,Sędziszów,Poland,28-340,567
684,Eunice,Brotherhed,ebrotherhediz@mlb.com,631-118-7925,65336 Comanche Avenue,Duran,Philippines,5813,811
685,Nannie,Rook,nrookj0@wikispaces.com,409-116-8588,1 Golf Trail,Goseong,South Korea,,829
686,Jamaal,Graith,jgraithj1@arstechnica.com,994-666-9605,0626 Lindbergh Center,San Pedro Zacapa,Honduras,,356
687,Gusti,Vickar,gvickarj2@webeden.co.uk,108-333-4908,3873 Sycamore Junction,Qiaotou,China,,634
688,Samuel,Youd,syoudj3@about.com,700-930-3460,41 Main Lane,Linköping,Sweden,582 46,491
689,Phillip,Greated,pgreatedj4@ucoz.com,331-467-7238,959 Northfield Trail,København,Denmark,1633,569
690,Sawyer,Leband,slebandj5@nifty.com,841-578-1175,93660 Trailsway Terrace,Bankaw,Philippines,1211,908
691,Sybila,Grimes,sgrimesj6@amazon.de,533-972-3304,21 Grover Lane,Ringinagung,Indonesia,,829
692,Eolande,Radborn,eradbornj7@tinyurl.com,714-489-0588,58253 Huxley Drive,Laolong,China,,770
693,Joelynn,Gunney,jgunneyj8@pen.io,746-961-0414,7 5th Lane,Zhushan,China,,200
694,Kaine,Hainge,khaingej9@dailymotion.com,973-976-2540,78 Portage Way,San Luis del Palmar,Argentina,3403,652
695,Tamarra,Matelyunas,tmatelyunasja@nbcnews.com,568-112-5712,9379 Kipling Pass,Miyata,Japan,981-4305,30
696,Harley,Pickvance,hpickvancejb@rediff.com,232-192-2412,0 Marcy Lane,Kuanfeu,Indonesia,,820
697,Abagael,Monks,amonksjc@meetup.com,840-884-1056,551 Dawn Junction,Guantun,China,,571
698,Madlen,Bilyard,mbilyardjd@cbsnews.com,489-384-2300,266 Parkside Plaza,Laveiras,Portugal,2760-012,817
699,Geri,Howman,ghowmanje@dagondesign.com,996-404-7564,9 Esch Lane,Gävle,Sweden,801 84,834
700,Rosita,Dorkins,rdorkinsjf@baidu.com,323-129-3654,049 Talmadge Trail,Guagua,Philippines,2003,868
701,Almira,Nelthrop,anelthropjg@msn.com,173-174-3528,271 Dixon Street,Cartago,Costa Rica,30703,877
702,Nils,Axcell,naxcelljh@phoca.cz,617-812-1198,7 Mitchell Circle,Hengshi,China,,72
703,Rockey,Fryd,rfrydji@github.io,404-942-2122,87 Oneill Lane,Mankoeng,South Africa,0769,439
704,Frankie,Ridges,fridgesjj@google.ca,407-335-2151,7 Maryland Plaza,Al ‘Āqir,Yemen,,203
705,Brett,Cleal,bclealjk@163.com,560-400-3204,631 West Circle,Zhaocun,China,,530
706,Ali,McClenaghan,amcclenaghanjl@fc2.com,414-997-3410,4209 Talisman Pass,Kåge,Sweden,934 91,221
707,Tate,Braidon,tbraidonjm@yelp.com,200-943-3374,9 Summit Street,Bagu,Indonesia,,110
708,Candida,Staveley,cstaveleyjn@51.la,408-406-3714,0 Helena Way,Fangcun,China,,281
709,Elizabeth,Baddow,ebaddowjo@foxnews.com,786-594-1137,3 Barby Drive,Sandefjord,Norway,3210,59
710,Portia,Fissenden,pfissendenjp@free.fr,139-866-2959,46066 Ruskin Alley,Manamrag,Philippines,6811,846
711,Tanner,Cassey,tcasseyjq@stanford.edu,484-291-8190,3 Beilfuss Avenue,Langnga,Indonesia,,343
712,Alleyn,Simmonds,asimmondsjr@businessinsider.com,216-960-2723,19 Mifflin Trail,Qiziltepa Shahri,Uzbekistan,,419
713,Dacey,Szymanek,dszymanekjs@marriott.com,476-531-7679,59171 7th Circle,Nýdek,Czech Republic,739 95,654
714,Hoebart,Adamovitz,hadamovitzjt@nymag.com,691-484-0948,39165 Prairie Rose Center,Aurillac,France,15004 CEDEX,534
715,Englebert,Wolpert,ewolpertju@smugmug.com,553-509-0317,19 Saint Paul Drive,Fare,French Polynesia,,646
716,Chryste,Cheak,ccheakjv@about.me,448-501-5224,11633 Eastlawn Avenue,Pul-e Khumrī,Afghanistan,,0
717,Shellie,Henken,shenkenjw@hostgator.com,935-206-7465,5 Mcguire Crossing,Pulo,Philippines,1706,761
718,Nicolai,Jados,njadosjx@dailymail.co.uk,799-904-0897,3705 Talmadge Pass,La Falda,Argentina,4640,689
719,Stanislas,Keasley,skeasleyjy@yale.edu,473-798-2229,32222 Thierer Hill,Sukamaju,Indonesia,,568
720,Roanna,Greser,rgreserjz@usda.gov,450-905-8117,3 Union Center,Shibukawa,Japan,979-1451,485
721,Katrina,Wyley,kwyleyk0@webs.com,636-673-5544,99949 Clarendon Hill,Novi Slankamen,Serbia,,825
722,Cary,Kemmett,ckemmettk1@prlog.org,932-339-8633,9 Reinke Street,Daxing,China,,86
723,Marjory,Nalder,mnalderk2@ow.ly,291-902-5111,4721 Granby Alley,Delmiro Gouveia,Brazil,57480-000,742
724,Jerrie,Pope,jpopek3@flickr.com,676-480-1225,5 Susan Circle,Dongchong,China,,951
725,Idaline,Stanyer,istanyerk4@g.co,413-126-7882,270 Oak Valley Alley,Corinto,Brazil,39200-000,919
726,Herrick,Hymer,hhymerk5@behance.net,687-796-6778,45319 Lotheville Hill,Roissy Charles-de-Gaulle,France,95933 CEDEX 2,854
727,Eulalie,Vincent,evincentk6@yandex.ru,305-977-6736,5 Morrow Hill,Basiong,Indonesia,,102
728,Tersina,Abramovicz,tabramoviczk7@state.gov,719-941-6525,0 Aberg Pass,Long Thành,Vietnam,,930
729,Allis,Langhorn,alanghornk8@last.fm,286-540-8541,0 Boyd Hill,La Libertad,Ecuador,,261
730,Padget,MacCarlich,pmaccarlichk9@sciencedirect.com,571-360-1329,8509 Farragut Place,Talipan,Philippines,8201,130
731,Chickie,Scothorn,cscothornka@webnode.com,332-203-2449,1 Michigan Court,Adstock,Canada,G0N,335
732,Risa,Tebald,rtebaldkb@nbcnews.com,865-524-4445,5 Fair Oaks Lane,Knoxville,United States,37995,897
733,Susannah,Anton,santonkc@netscape.com,974-721-0444,3 Utah Hill,Muye,China,,409
734,Judye,Alesio,jalesiokd@columbia.edu,125-945-7826,7 Maple Wood Lane,Guandu,China,,925
735,Elysee,Sammon,esammonke@ucoz.com,711-242-5135,1257 4th Way,Kalangbret,Indonesia,,951
736,Roz,Towner,rtownerkf@google.es,571-266-3759,76 Kropf Drive,Timbaúba,Brazil,55870-000,280
737,Rowan,Purvey,rpurveykg@toplist.cz,201-484-6474,61848 Caliangt Hill,Khŭjand,Tajikistan,,828
738,Zacharias,Helliwell,zhelliwellkh@zimbio.com,656-343-0961,8 Grayhawk Terrace,Linköping,Sweden,582 46,836
739,Jimmy,Craik,jcraikki@ft.com,769-931-0137,17 Charing Cross Circle,Mekarsari,Indonesia,,951
740,Quinlan,Gomer,qgomerkj@army.mil,915-274-7758,7175 Myrtle Center,Longnawang,Indonesia,,615
741,Alick,Grinval,agrinvalkk@pbs.org,235-557-8251,336 Miller Crossing,Lokuuy,Indonesia,,114
742,Darcee,Maypother,dmaypotherkl@wikimedia.org,650-645-9275,857 Sachs Park,Pinhão,Brazil,49517-000,94
743,Ev,Kollas,ekollaskm@parallels.com,322-787-3709,70515 Holmberg Place,Khalīlābād,Iran,,720
744,Maxie,Lacroux,mlacrouxkn@whitehouse.gov,677-949-5001,772 Dorton Way,San Jacinto,Philippines,5417,841
745,Torie,Reuben,treubenko@deviantart.com,516-317-0228,99 Eliot Circle,Picoto,Portugal,4620-400,833
746,Kimball,Vink,kvinkkp@over-blog.com,505-681-2100,37 School Place,Beiping,China,,197
747,Hildegaard,Butlin,hbutlinkq@ustream.tv,342-780-8033,19 Jay Place,Nandulehe,China,,883
748,Ula,Endecott,uendecottkr@csmonitor.com,519-627-8359,849 Lunder Circle,Paris 17,France,75817 CEDEX 17,889
749,Guinevere,Huckett,ghuckettks@edublogs.org,778-591-7754,18 Spohn Plaza,San Casimiro,Venezuela,,443
750,Louis,Haddow,lhaddowkt@sitemeter.com,262-266-2830,57273 Spohn Alley,Bistrinci,Croatia,31551,516
751,Sancho,Caldera,scalderaku@ft.com,973-364-9827,89 Clemons Avenue,Pandean,Indonesia,,742
752,Zack,Gwinnel,zgwinnelkv@zimbio.com,350-717-7825,67 Oneill Way,Feteira Pequena,Portugal,9630-311,565
753,Beth,Davidai,bdavidaikw@devhub.com,470-773-6950,90 Sauthoff Drive,Landskrona,Sweden,261 27,77
754,Moyna,Brownsea,mbrownseakx@cmu.edu,693-495-7833,47 Rowland Park,Las Piñas,Philippines,1752,762
755,Avrit,Mendes,amendesky@walmart.com,162-413-3687,59001 Tennessee Crossing,Enewetak,Marshall Islands,96970,409
756,Romona,Meegan,rmeegankz@wikispaces.com,548-365-3247,8 Merrick Terrace,Stockholm,Sweden,111 20,525
757,Shell,Maddox,smaddoxl0@apache.org,872-506-3649,92184 Oak Alley,Gaoming,China,,41
758,Zollie,Brandsen,zbrandsenl1@npr.org,695-550-4146,75639 Buena Vista Center,Wellington,New Zealand,6149,725
759,Reinaldo,Vernazza,rvernazzal2@infoseek.co.jp,480-578-2797,02 Crowley Hill,Corbeil-Essonnes,France,91815 CEDEX,316
760,Vance,Mutter,vmutterl3@wikia.com,480-424-4497,10475 Jana Avenue,Yangxu,China,,696
761,Juliann,Stranks,jstranksl4@howstuffworks.com,102-326-4086,8861 Schlimgen Crossing,Al Ḩammāmāt,Tunisia,,548
762,Melisent,Edds,meddsl5@hc360.com,213-332-9563,6312 Summerview Plaza,Tomigusuku,Japan,901-0241,197
763,Allison,Rowlson,arowlsonl6@prnewswire.com,186-749-5001,18 Dahle Way,Lübeck,Germany,23568,29
764,Margie,Markovic,mmarkovicl7@kickstarter.com,274-259-1005,313 Artisan Trail,Yangsa,South Korea,,939
765,Heall,Brager,hbragerl8@wikimedia.org,197-605-4010,6980 Lake View Trail,Czerniejewo,Poland,62-250,254
766,Yvor,Chitty,ychittyl9@e-recht24.de,396-659-1846,6 Bartillon Point,Hexi,China,,126
767,Gisela,Faircliff,gfaircliffla@princeton.edu,794-583-7253,4 Calypso Street,Thāru Shāh,Pakistan,67081,455
768,Adda,Bagnall,abagnalllb@posterous.com,888-630-3900,39078 Burning Wood Park,Hongos,Peru,,478
769,Silvano,O'Meara,somearalc@seesaa.net,321-430-8827,12337 Lerdahl Pass,El Monte,Chile,,92
770,Lucila,McKendry,lmckendryld@guardian.co.uk,774-969-5111,89 Burning Wood Pass,Bantardawa,Indonesia,,925
771,Jeannie,Lanigan,jlaniganle@creativecommons.org,729-992-4145,2 Golf Avenue,Sotnikovskoye,Russia,356403,94
772,Bendix,Starrs,bstarrslf@dedecms.com,170-329-4281,26 Forest Run Avenue,Nikita,Ukraine,,478
773,Judah,Bigham,jbighamlg@aol.com,575-545-6293,31 Clemons Center,Nioro,Mali,,149
774,Lacie,Linnard,llinnardlh@cyberchimps.com,657-213-5059,4298 Hermina Terrace,Sukojember,Indonesia,,305
775,Jacinthe,Culshew,jculshewli@army.mil,742-998-7273,80 Pierstorff Junction,Calvário,Portugal,4820-449,639
776,Andrei,Skynner,askynnerlj@scribd.com,106-880-0963,6 Waywood Avenue,Khvatovka,Russia,412620,489
777,Onida,Novik,onoviklk@fc2.com,756-488-2146,5 Independence Terrace,Rtyně v Podkrkonoší,Czech Republic,542 33,996
778,Felice,Dmitrienko,fdmitrienkoll@unc.edu,782-106-5034,188 Ryan Park,La Purisima,Mexico,36200,980
779,Chrystal,O'dell,codelllm@a8.net,477-656-7018,30 Northridge Court,Kukuna,Sierra Leone,,497
780,Raphaela,Allday,ralldayln@constantcontact.com,338-627-4217,54720 Namekagon Terrace,Xiexiong,China,,668
781,Doe,Woodburne,dwoodburnelo@gnu.org,285-204-1244,6909 Gateway Terrace,Istres,France,13807 CEDEX,655
782,Edee,Renac,erenaclp@yellowbook.com,568-192-6017,5 Ramsey Place,Sumberarumkrajan,Indonesia,,197
783,Olympie,Galia,ogalialq@imdb.com,638-363-5671,9387 Kenwood Point,Gudermes,Russia,366904,253
784,Alyse,McLagan,amclaganlr@artisteer.com,591-164-7533,9 Chinook Center,Chongqing,China,,618
785,Zondra,Byrd,zbyrdls@umich.edu,617-210-8838,593 Hintze Pass,Židlochovice,Czech Republic,667 01,837
786,Carrissa,Geipel,cgeipellt@deliciousdays.com,379-285-3571,21 Gale Terrace,Matsutō,Japan,929-0203,753
787,Ingrid,Greenaway,igreenawaylu@lycos.com,668-787-2757,7478 Duke Court,Ledeunu,Indonesia,,856
788,Karyl,Boutellier,kboutellierlv@sciencedaily.com,511-915-2457,4 Jackson Terrace,Ban Dung,Thailand,41190,366
789,Teodorico,Eagleton,teagletonlw@theatlantic.com,507-995-1720,9 Grover Point,Pedro Carbo,Ecuador,,543
790,Hilario,Kernley,hkernleylx@pinterest.com,703-416-7104,800 Arapahoe Trail,Belmopan,Belize,,504
791,Kiah,Catling,kcatlingly@ox.ac.uk,261-853-1150,4 Pepper Wood Junction,Mabilog,Philippines,2826,100
792,Ashlee,Matei,amateilz@nba.com,755-433-4119,9463 Sunbrook Way,Itajuípe,Brazil,45630-000,259
793,Alaster,Leadley,aleadleym0@skype.com,263-394-1061,6806 Melvin Point,Paris 13,France,75659 CEDEX 13,667
794,Lily,Doerling,ldoerlingm1@abc.net.au,501-797-5311,0 Anzinger Pass,Daegu,South Korea,,766
795,Junina,Kendell,jkendellm2@unblog.fr,905-769-7045,85 Scofield Crossing,Leeuwarden,Netherlands,8904,482
796,Mike,Towne,mtownem3@xing.com,902-808-3957,8594 Lotheville Circle,Alcácer do Sal,Portugal,7580-005,180
797,Hermie,Dewen,hdewenm4@mayoclinic.com,702-644-7749,77 Pleasure Terrace,Huangzhawan,China,,371
798,Abelard,Lumly,alumlym5@liveinternet.ru,855-807-1096,3916 Clyde Gallagher Point,Pozo Hondo,Argentina,3714,493
799,Elvin,Cabedo,ecabedom6@gmpg.org,935-836-1644,2581 Luster Park,Hezhang,China,,834
800,Benedikt,Bakhrushin,bbakhrushinm7@liveinternet.ru,823-961-8479,32 Prairieview Way,Ilihan,Philippines,1745,721
801,Thaddus,Heimes,theimesm8@studiopress.com,777-168-3067,15 Scofield Place,Juzhen,China,,853
802,Nanni,Venediktov,nvenediktovm9@army.mil,625-372-7672,42 Killdeer Circle,São Pedro Gafanhoeira,Portugal,7040-524,881
803,Karlotte,Kelloway,kkellowayma@un.org,445-688-2304,0730 Spohn Point,Culubasa,Philippines,2310,462
804,Yvonne,Nasi,ynasimb@nbcnews.com,223-777-1013,4376 Judy Avenue,Honghai,China,,729
805,Kristi,Stobart,kstobartmc@buzzfeed.com,695-913-8894,0481 Anhalt Pass,Cidolog,Indonesia,,502
806,Kiley,Marousek,kmarousekmd@earthlink.net,253-171-9456,70 Becker Center,Sing Buri,Thailand,16150,606
807,Steve,Maccari,smaccarime@unicef.org,157-382-0003,5653 Lindbergh Park,Cirumput,Indonesia,,733
808,Kinny,Graysmark,kgraysmarkmf@mayoclinic.com,782-540-3634,3 Graedel Center,Daugavpils,Latvia,,752
809,Sadye,Hedworth,shedworthmg@wix.com,726-404-9387,80913 Reindahl Road,Jasionów,Poland,36-212,339
810,Jarib,Depka,jdepkamh@imgur.com,329-735-4335,624 Grayhawk Court,Usuki,Japan,890-0073,766
811,Herman,Bagster,hbagstermi@reddit.com,670-751-4397,7 Johnson Point,Utena,Lithuania,28001,772
812,Geoffry,Sylett,gsylettmj@cafepress.com,705-692-9450,851 Jana Place,Buenos Aires,Mexico,47253,179
813,Hilarius,Pudsey,hpudseymk@tamu.edu,336-934-9892,3779 Melby Lane,Atocha,Bolivia,,420
814,Lorelei,Plenderleith,lplenderleithml@typepad.com,811-993-0404,91 Logan Junction,Minante Segundo,Philippines,3306,994
815,Arlana,Napton,anaptonmm@nature.com,847-863-5868,49 Muir Alley,Faḩmah,Palestinian Territory,,584
816,Myrna,Tibbles,mtibblesmn@linkedin.com,792-822-5110,27108 Pawling Circle,Kill,Ireland,P24,562
817,Emmanuel,Ortsmann,eortsmannmo@ucoz.com,582-330-0080,4 Susan Place,Tsingoni,Mayotte,97680,100
818,Leontyne,Kempster,lkempstermp@e-recht24.de,708-499-2684,0 Warner Junction,Qiongshan,China,,663
819,Sawyere,Hoble,shoblemq@linkedin.com,407-766-5486,68279 3rd Road,Hongsihu,China,,560
820,Valina,Ivanyushkin,vivanyushkinmr@free.fr,819-364-8996,5 Spenser Court,Providencia,Mexico,38477,390
821,Abigael,Spittles,aspittlesms@businessinsider.com,246-368-8678,88963 Sutherland Park,Khondāb,Iran,,316
822,Dyanna,Buffham,dbuffhammt@clickbank.net,500-766-6538,278 3rd Point,Pitai,Indonesia,,691
823,Margeaux,Demanche,mdemanchemu@soup.io,324-737-2969,77 Hallows Circle,Palmeira,Brazil,88545-000,203
824,Tobye,Gaddesby,tgaddesbymv@howstuffworks.com,338-181-2448,4 Schiller Center,Oepuah,Indonesia,,861
825,Armand,Torbeck,atorbeckmw@marketwatch.com,889-637-6992,706 Montana Crossing,Tromsø,Norway,9259,533
826,Klara,Kinnier,kkinniermx@xing.com,580-308-2451,51043 Lyons Lane,Komsomol’sk,Russia,155150,592
827,Nicolette,Mazzeo,nmazzeomy@homestead.com,301-579-0201,4 Golf Road,Pontes,Portugal,2435-127,546
828,Jenica,Broadbridge,jbroadbridgemz@dot.gov,650-915-8726,9 Kennedy Alley,Fucheng,China,,55
829,Matthus,Fieldsend,mfieldsendn0@icq.com,762-182-4052,24743 Welch Hill,Valle de Ángeles,Honduras,,667
830,Fallon,Ambrozik,fambrozikn1@furl.net,614-653-3800,04 Service Drive,Saratamata,Vanuatu,,953
831,Ethyl,Canceller,ecancellern2@issuu.com,220-876-6962,5 Marquette Trail,Kościelec,Poland,62-604,595
832,Dorian,Jacquemard,djacquemardn3@clickbank.net,148-361-3050,675 Grover Place,Andongsari,Indonesia,,499
833,Audrey,Schustl,aschustln4@vistaprint.com,249-563-9665,3 Hoard Drive,Haibara,Japan,779-3601,44
834,Brucie,Vowden,bvowdenn5@epa.gov,770-356-7949,17 Lawn Drive,Marietta,United States,30061,477
835,Johnny,Renault,jrenaultn6@fotki.com,288-105-6825,8063 Mcguire Junction,Cimarelang,Indonesia,,129
836,Jessa,Klaaassen,jklaaassenn7@pcworld.com,439-720-2630,27 Delladonna Way,Stanowice,Poland,44-247,320
837,Kali,Doig,kdoign8@ucsd.edu,838-252-8577,0985 Dapin Crossing,Lorengau,Papua New Guinea,,241
838,Marge,Eckhard,meckhardn9@shareasale.com,726-234-5440,5070 Vidon Park,San Rafael,Mexico,58910,887
839,Giff,Grinstead,ggrinsteadna@tripadvisor.com,222-737-7363,195 6th Hill,Woloara,Indonesia,,311
840,Myrah,Geistbeck,mgeistbecknb@aol.com,231-475-6277,7893 Kensington Plaza,Rurrenabaque,Bolivia,,996
841,Rebekah,Ockenden,rockendennc@opensource.org,764-296-4012,609 Commercial Point,Nordeste,Portugal,9630-145,670
842,Ulrick,Frankling,ufranklingnd@icio.us,468-678-3559,0 Sheridan Place,Kagal’nitskaya,Russia,403538,850
843,Farrell,Chatt,fchattne@intel.com,544-422-8907,1114 6th Plaza,Bijie,China,,182
844,Everard,Putnam,eputnamnf@xing.com,368-903-2895,9 Briar Crest Lane,Carvoeira,Portugal,2655-034,637
845,Benjy,Vlasenkov,bvlasenkovng@jimdo.com,659-593-4707,35685 Arkansas Circle,Kampunglistrik,Indonesia,,710
846,Hadlee,Wyer,hwyernh@ask.com,698-931-5034,18 Russell Drive,Ndibène Dahra,Senegal,,168
847,Tris,Chinery,tchineryni@parallels.com,377-256-4550,24 Harbort Parkway,Xiapu,China,,581
848,Averil,Whifen,awhifennj@oakley.com,805-638-4174,6933 North Pass,Pirapozinho,Brazil,19200-000,590
849,Godwin,Byng,gbyngnk@histats.com,419-230-0394,98 Eastlawn Pass,Beutong Ateuh,Indonesia,,75
850,Vivyan,McGilroy,vmcgilroynl@sakura.ne.jp,411-229-6282,6 Reinke Parkway,Matinha,Brazil,65218-000,704
851,Iolande,Semiraz,isemiraznm@freewebs.com,824-833-3630,40572 Corry Center,Sōka,Japan,341-0053,782
852,Berna,Pirelli,bpirellinn@businessweek.com,676-693-0515,00436 Alpine Trail,Baizhu,China,,551
853,Harlin,Goreisr,hgoreisrno@ifeng.com,635-882-4450,39 Myrtle Plaza,Tefé,Brazil,69470-000,756
854,Joana,Shackleford,jshacklefordnp@tamu.edu,242-766-8500,5 Gateway Way,Kayakent,Russia,368562,326
855,Lanette,Ganning,lganningnq@admin.ch,441-438-2849,206 Brown Place,Santo Niño,Philippines,6711,876
856,Maxim,McVicker,mmcvickernr@army.mil,569-443-3203,008 Meadow Valley Street,Shucheng Chengguanzhen,China,,250
857,Torr,Potzold,tpotzoldns@rambler.ru,835-211-2918,81697 Hermina Way,Sovetskaya Gavan’,Russia,682803,642
858,Skye,Beardall,sbeardallnt@tinyurl.com,885-932-8078,1897 Katie Avenue,Geshan,China,,566
859,Alain,Dot,adotnu@sitemeter.com,471-859-6987,1462 Grasskamp Plaza,Niquelândia,Brazil,76420-000,998
860,Eleanor,Guichard,eguichardnv@ihg.com,856-969-8731,2 Straubel Point,Mosrentgen,Russia,391237,651
861,Danell,Galier,dgaliernw@smh.com.au,982-793-0828,79 Magdeline Center,Girang,Indonesia,,188
862,Brendin,Younglove,byounglovenx@telegraph.co.uk,748-757-8228,1138 Fisk Street,Mangqu,China,,91
863,Tyrone,Ide,tideny@hibu.com,945-581-8958,312 Mesta Crossing,Melun,France,77014 CEDEX,751
864,Reginauld,Scully,rscullynz@smh.com.au,436-555-0737,21 Loomis Pass,Crauthem,Luxembourg,L-3330,317
865,Yankee,Camock,ycamocko0@mlb.com,613-454-0337,6619 Eagle Crest Crossing,Hồ Xá,Vietnam,,842
866,Mirna,Vanne,mvanneo1@istockphoto.com,489-624-8191,87362 Valley Edge Drive,Pregrada,Croatia,49218,461
867,Reggi,Obington,robingtono2@opera.com,328-710-6434,045 Fieldstone Hill,Luts’k,Ukraine,,161
868,Alphonso,Oliveti,aolivetio3@biglobe.ne.jp,816-954-0362,65144 Laurel Drive,Cicurug,Indonesia,,665
869,Stormi,Han,shano4@hugedomains.com,907-469-7379,63 Fallview Drive,Petaling Jaya,Malaysia,46791,269
870,Marcia,Bunston,mbunstono5@nasa.gov,232-926-4353,3889 Holmberg Street,Piritiba,Brazil,44830-000,54
871,Margot,Faussett,mfaussetto6@plala.or.jp,318-305-3911,44119 Mesta Park,Uhryniv,Ukraine,,680
872,Tricia,Gilhooly,tgilhoolyo7@gmpg.org,595-815-6036,73 Glacier Hill Crossing,Odemira,Portugal,7630-125,993
873,Adi,Wales,awaleso8@friendfeed.com,219-268-6286,8 Huxley Drive,Talawi,Indonesia,,421
874,Tripp,Robeiro,trobeiroo9@fc2.com,464-852-7128,12072 Loeprich Terrace,Bouillon,Belgium,6834,718
875,Isa,Spick,ispickoa@parallels.com,830-340-0693,07 School Crossing,Miskolc,Hungary,3543,517
876,Dulce,Skerrett,dskerrettob@umich.edu,954-754-2639,1657 Merrick Terrace,Oslo,Norway,1184,449
877,Margaux,Burkman,mburkmanoc@zimbio.com,455-653-0726,1 Roth Lane,Petrozavodsk,Russia,185035,966
878,Orville,Corstan,ocorstanod@sakura.ne.jp,494-899-8793,10399 Carpenter Crossing,Srebrenica,Bosnia and Herzegovina,,645
879,Janel,Grebert,jgrebertoe@un.org,783-925-3121,56511 Hoepker Center,Dammarie-les-Lys,France,77193 CEDEX,843
880,Cal,Davidde,cdaviddeof@alibaba.com,136-459-1898,545 Spohn Center,Yŏnggwang-ŭp,North Korea,,50
881,Lizzy,Febvre,lfebvreog@wikipedia.org,295-878-0173,9207 Gulseth Street,Bolengpulau,Indonesia,,990
882,Julienne,Rundle,jrundleoh@fotki.com,304-756-6115,83275 Dawn Lane,Titao,Burkina Faso,,549
883,Katie,Patterfield,kpatterfieldoi@smh.com.au,495-194-0330,3 Karstens Alley,Lublin,Poland,20-960,514
884,Alexei,McConnell,amcconnelloj@census.gov,783-509-3747,965 Browning Alley,Jiujie,China,,842
885,Cassie,Schriren,cschrirenok@macromedia.com,943-174-3492,25 Grim Parkway,Qīrah,Palestinian Territory,,751
886,Stevy,Beastall,sbeastallol@macromedia.com,678-539-6614,30 Continental Park,Venëv,Russia,301320,272
887,Lucila,Sorley,lsorleyom@icio.us,869-937-4560,89308 Oxford Way,Pak Phayun,Thailand,93120,278
888,Brandon,Pickworth,bpickworthon@histats.com,786-100-5374,23 Fremont Hill,Saniwonorejo,Indonesia,,375
889,Erv,Gerbl,egerbloo@i2i.jp,927-711-7471,6 Union Trail,Rungis,France,94575 CEDEX 2,896
890,Law,Enocksson,lenockssonop@uol.com.br,321-740-9310,8906 Victoria Way,Xinyang,China,,357
891,Tallulah,Carson,tcarsonoq@amazon.co.jp,213-620-5573,432 Leroy Place,Tuusniemi,Finland,71201,849
892,Marci,Chevolleau,mchevolleauor@eepurl.com,234-275-8470,71161 Comanche Drive,Ágios Spyrídon,Greece,,46
893,Goldarina,Dunphy,gdunphyos@sitemeter.com,729-848-9766,4623 Hagan Crossing,Kobleve,Ukraine,,160
894,Lou,Whitehurst,lwhitehurstot@vinaora.com,637-600-2712,04 Schlimgen Park,Gaiyang,China,,899
895,Rycca,Yablsley,ryablsleyou@shop-pro.jp,461-917-6379,2 Fuller Drive,Sadabumi,Indonesia,,806
896,Malvina,Lafuente,mlafuenteov@businessweek.com,718-123-7861,842 Arrowood Way,Swiętajno,Poland,19-411,269
897,Guillermo,Inde,gindeow@blogspot.com,817-999-8636,1431 Bartillon Trail,Rabat,Morocco,,435
898,Kalie,Zecchetti,kzecchettiox@opera.com,889-931-7450,06 Saint Paul Place,Narsaq,Greenland,3921,978
899,Grethel,Hutchinges,ghutchingesoy@free.fr,402-944-4911,99707 Kenwood Parkway,Phong Điền,Vietnam,,1000
900,Christy,Forde,cfordeoz@hhs.gov,400-347-0858,9 Mandrake Circle,Jājarm,Iran,,852
901,Panchito,Hinckley,phinckleyp0@smugmug.com,732-201-2560,0 Kenwood Circle,Razumnoye,Russia,309276,504
902,Correy,Haylor,chaylorp1@weebly.com,331-889-1218,44915 Comanche Parkway,Nichinan,Japan,889-3151,857
903,Dosi,Lipson,dlipsonp2@networkadvertising.org,976-785-0374,273 Burrows Hill,Chaiyaphum,Thailand,17140,755
904,Annaliese,Van den Bosch,avandenboschp3@samsung.com,323-885-6629,420 Lindbergh Point,Bonak,Indonesia,,713
905,Clara,Ziem,cziemp4@craigslist.org,575-544-4320,80340 West Parkway,Cochrane,Chile,,823
906,Pip,Ende,pendep5@rediff.com,207-892-1026,6058 Almo Terrace,Xuchang,China,,445
907,Berton,Prothero,bprotherop6@usatoday.com,582-516-8920,80 Nova Terrace,Kamionka Strumitowa,Ukraine,,887
908,Aloisia,Allsobrook,aallsobrookp7@sphinn.com,738-368-5688,04521 Melvin Road,Avellaneda,Argentina,5212,26
909,Caron,Fitchett,cfitchettp8@is.gd,137-806-1528,90 American Ash Junction,Fuhe,China,,592
910,Letisha,Lacheze,llachezep9@miitbeian.gov.cn,461-731-2972,11099 Del Sol Parkway,Panyarang,Indonesia,,863
911,Floyd,Cassius,fcassiuspa@thetimes.co.uk,362-424-9240,1 Oakridge Avenue,Guará,Brazil,14580-000,595
912,Bink,Matveyev,bmatveyevpb@drupal.org,671-177-5646,59107 Sloan Center,Cigadog Hilir,Indonesia,,53
913,Teddy,Pratt,tprattpc@de.vu,809-709-0641,8340 Surrey Way,Besançon,France,25024 CEDEX,594
914,Cheri,MacGall,cmacgallpd@a8.net,723-441-4525,519 Cherokee Court,Igrejinha,Brazil,95650-000,184
915,Helge,Josipovitz,hjosipovitzpe@sciencedaily.com,946-679-6865,882 Jay Parkway,Moanemani,Indonesia,,818
916,Marrilee,Folke,mfolkepf@bbc.co.uk,154-332-1027,8041 Graedel Park,Skála Oropoú,Greece,,498
917,Carmelia,Segges,cseggespg@multiply.com,902-322-3246,83 Anderson Alley,Nangaroro,Indonesia,,841
918,Corbie,Tourot,ctourotph@noaa.gov,650-908-8584,896 Merchant Plaza,Pasadena,United States,91186,312
919,Etti,Dalbey,edalbeypi@csmonitor.com,236-280-4546,65874 Moose Way,Düsseldorf,Germany,40225,691
920,Edeline,Dowthwaite,edowthwaitepj@shareasale.com,174-444-7904,7061 Morrow Street,Pshekhskaya,Russia,352604,325
921,Whitney,Brasher,wbrasherpk@lulu.com,764-995-4268,38710 Carey Terrace,Requião,Portugal,4770-431,499
922,Giselle,Stonestreet,gstonestreetpl@ezinearticles.com,132-738-1084,8 Acker Pass,Rognedino,Russia,242774,621
923,Leonard,Ayliffe,layliffepm@ted.com,407-374-0806,6355 Northridge Street,Ichinohe,Japan,675-0068,961
924,Madonna,Kirkness,mkirknesspn@jiathis.com,594-290-7432,7 Arapahoe Trail,Limanowa,Poland,34-651,551
925,Aida,Phillcox,aphillcoxpo@dmoz.org,922-512-9240,083 Stephen Crossing,Kiełczów,Poland,55-093,197
926,Rube,Waywell,rwaywellpp@sbwire.com,416-392-9159,9422 Twin Pines Junction,Putang,China,,439
927,Archambault,Waldocke,awaldockepq@opera.com,828-966-3028,75007 Dawn Alley,Pingba,China,,140
928,Chancey,Mearns,cmearnspr@salon.com,297-324-6761,9991 Basil Court,Colesberg,South Africa,9922,427
929,Jules,Casbolt,jcasboltps@hexun.com,351-270-4735,08 Packers Avenue,Mongo,Chad,,630
930,Phyllis,Challis,pchallispt@youku.com,974-945-2499,92 Huxley Crossing,Velikiy Novgorod,Russia,173025,371
931,Willis,Oakwood,woakwoodpu@forbes.com,727-573-9230,470 Bayside Court,Saint Petersburg,United States,33710,681
932,Janek,Coger,jcogerpv@ucsd.edu,201-618-1741,591 Reindahl Place,Trondheim,Norway,7455,33
933,Kaycee,Fencott,kfencottpw@mediafire.com,616-471-1120,88 Lerdahl Point,Jezerce,Croatia,53231,565
934,Saloma,Voase,svoasepx@answers.com,113-519-0984,98368 Myrtle Place,Kasempa,Zambia,,201
935,Nikola,Bambridge,nbambridgepy@scribd.com,750-120-4566,7 Lake View Parkway,Barrie,Canada,L9J,517
936,Whit,Sasser,wsasserpz@wikimedia.org,277-643-1788,874 John Wall Circle,Ivoti,Brazil,93900-000,169
937,Dinah,Findley,dfindleyq0@admin.ch,324-654-9640,34 Hudson Drive,Arneiro,Portugal,2775-381,566
938,Paige,Bruniges,pbrunigesq1@virginia.edu,824-176-1724,6761 Bayside Crossing,Kristinehamn,Sweden,681 84,597
939,Denna,Yeiles,dyeilesq2@sitemeter.com,513-865-8623,759 Commercial Street,Ospina,Colombia,523047,99
940,Shaughn,Tossell,stossellq3@odnoklassniki.ru,488-267-2049,11 Morrow Point,Lambton Shores,Canada,J5T,677
941,Jermaine,Baldwin,jbaldwinq4@theglobeandmail.com,189-101-6272,7013 Continental Road,Dýšina,Czech Republic,330 02,485
942,Efren,Kareman,ekaremanq5@fc2.com,915-753-9538,111 Victoria Way,Igreja,Portugal,4970-150,935
943,Antonetta,Breitling,abreitlingq6@nature.com,891-676-1618,06 Loomis Crossing,Āzādshahr,Iran,,313
944,Gabriellia,Lockey,glockeyq7@berkeley.edu,740-202-5426,922 Morrow Place,Huating,China,,904
945,Stacy,Dyzart,sdyzartq8@nhs.uk,831-598-3954,262 Pine View Center,Killarney,Canada,V9B,600
946,Rosalie,Benfield,rbenfieldq9@shareasale.com,767-960-3312,716 Artisan Junction,La Julia,Dominican Republic,10109,452
947,Justino,Taaffe,jtaaffeqa@infoseek.co.jp,516-422-5736,2 Cottonwood Junction,New Hyde Park,United States,11044,63
948,Morey,Glaze,mglazeqb@deviantart.com,834-709-2027,4088 Longview Parkway,Guadalupe,Panama,,414
949,Andris,Aldrich,aaldrichqc@simplemachines.org,476-886-1631,45 Goodland Center,Youshan,China,,412
950,Quinta,Roomes,qroomesqd@sogou.com,597-198-7831,01841 Welch Road,Smolyan,Bulgaria,4754,191
951,Brenden,Peerman,bpeermanqe@wp.com,777-148-0467,177 Kensington Park,Ferbane,Ireland,E32,739
952,Alix,Lyver,alyverqf@businessweek.com,695-221-7903,75 Marcy Place,La Plaine-Saint-Denis,France,93214 CEDEX,725
953,Katti,Shilstone,kshilstoneqg@time.com,247-889-5981,0 Tennessee Way,Huangsangkou,China,,634
954,Eveleen,Sallier,esallierqh@sun.com,229-496-3771,77 Maple Wood Junction,Saravia,Philippines,6118,277
955,Gabriel,Goodacre,ggoodacreqi@yandex.ru,320-494-4012,7405 Clove Alley,Ulcinj,Montenegro,,439
956,Faustina,Essam,fessamqj@samsung.com,234-803-6025,3766 Pennsylvania Circle,Sigou,China,,252
957,Patin,Noblett,pnoblettqk@e-recht24.de,702-169-0935,20 Texas Road,Temirtau,Kazakhstan,,486
958,Regan,Longmate,rlongmateql@wikispaces.com,870-790-8785,31562 Ryan Court,Baranowo,Poland,06-320,136
959,Richie,Robion,rrobionqm@fc2.com,662-193-0018,4 Knutson Circle,Phak Hai,Thailand,31000,604
960,Ursula,Barten,ubartenqn@goo.gl,974-140-9628,884 Forest Dale Terrace,Haguimit,Philippines,6117,354
961,Sidonia,Milella,smilellaqo@elpais.com,949-761-7948,878 Dakota Plaza,Chociwel,Poland,73-120,192
962,Jobie,Pavlata,jpavlataqp@toplist.cz,141-849-9725,8045 Esch Crossing,Chamouny,Mauritius,,541
963,Steven,Anshell,sanshellqq@lulu.com,215-563-7435,1 Coleman Crossing,Josefina,Philippines,7027,57
964,Filia,Hounsome,fhounsomeqr@ibm.com,769-625-3375,4 Oriole Road,Grabica,Poland,97-306,304
965,Shermy,Wrenn,swrennqs@ftc.gov,130-295-3715,23981 Melody Terrace,Tongyang,China,,386
966,Catharina,Streeten,cstreetenqt@fotki.com,423-390-7090,4573 Cardinal Trail,Johnson City,United States,37605,293
967,Kean,Ivakhin,kivakhinqu@posterous.com,163-160-4663,03120 Hollow Ridge Park,Zhaoyuan,China,,226
968,Jacquelin,Prestige,jprestigeqv@bing.com,534-942-2798,1096 Loftsgordon Avenue,Talmest,Morocco,,890
969,Andrus,Lamming,alammingqw@goo.gl,909-688-1287,947 La Follette Junction,Novaya Derevnya,Russia,186326,565
970,Conan,Gatus,cgatusqx@creativecommons.org,117-150-5820,54228 Banding Point,Kamyanyuki,Belarus,,872
971,Jaymee,Kupke,jkupkeqy@sina.com.cn,487-200-3467,3 Lien Pass,Faraulep,Micronesia,,228
972,Almira,Boscott,aboscottqz@naver.com,678-986-7756,5118 Cherokee Place,Yamagata-shi,Japan,990-2412,800
973,Tito,Dadswell,tdadswellr0@marketwatch.com,608-151-9405,13773 Stone Corner Road,Odeleite,Portugal,8950-355,264
974,Iosep,Spearett,ispearettr1@shareasale.com,199-805-1161,7208 Goodland Hill,Sokoto,Nigeria,,760
975,Sherwynd,Norcott,snorcottr2@forbes.com,345-477-1631,464 Village Green Trail,Zaragoza,Spain,50080,448
976,Emelina,Macguire,emacguirer3@census.gov,985-954-9912,1 Walton Way,Zbýšov,Czech Republic,683 52,95
977,Jeana,Tevlin,jtevlinr4@multiply.com,525-788-3269,7 Burrows Parkway,Resende,Brazil,27500-000,441
978,Aylmar,Ackhurst,aackhurstr5@nps.gov,907-651-3448,3 Heffernan Point,Blarney,Ireland,P31,85
979,Lonnie,Hinsche,lhinscher6@tmall.com,424-911-8778,928 School Crossing,Ibotirama,Brazil,47520-000,746
980,Keelby,Mikalski,kmikalskir7@woothemes.com,775-323-4402,46 Moose Lane,Xingang,China,,586
981,Bellanca,Durrett,bdurrettr8@myspace.com,119-520-5890,698 Melody Pass,Narach,Belarus,,636
982,Yoshiko,Ianittello,yianittellor9@kickstarter.com,497-826-7479,09699 Esch Hill,Soubré,Ivory Coast,,676
983,Darrick,Brash,dbrashra@sphinn.com,464-326-5180,15098 Carberry Park,Lamakera Dua,Indonesia,,117
984,Nelle,Earney,nearneyrb@hubpages.com,667-917-3752,176 Veith Park,Dūrā al Qar‘,Palestinian Territory,,375
985,Bevon,Spear,bspearrc@51.la,277-564-2653,44 Golf Lane,Maluso,Philippines,7303,607
986,Hirsch,Garrigan,hgarriganrd@businessweek.com,678-430-5146,67459 Rusk Pass,Antsirabe,Madagascar,,177
987,Herta,Andreix,handreixre@howstuffworks.com,815-683-3883,876 Chinook Avenue,Rockford,United States,61105,997
988,Etti,Robichon,erobichonrf@joomla.org,417-167-2975,9 Roth Place,Grenoble,France,38014 CEDEX 1,534
989,Kassie,Hanretty,khanrettyrg@geocities.com,718-674-3445,5 Kensington Road,Nyrkiv,Ukraine,,299
990,Kelly,Cockerell,kcockerellrh@apple.com,836-956-1396,87832 Bellgrove Street,Hitiaa,French Polynesia,,628
991,Frederique,Bertholin,fbertholinri@zimbio.com,168-379-6510,57975 Packers Court,Yurkivka,Ukraine,,107
992,Raphaela,Quince,rquincerj@digg.com,263-514-2762,6 Waxwing Park,Leme,Brazil,13610-000,450
993,Ronnica,Keiley,rkeileyrk@stanford.edu,930-768-3779,37745 Schurz Court,Moscow,Russia,901993,320
994,Kristina,Browning,kbrowningrl@wisc.edu,171-391-3164,36694 Londonderry Circle,Lagoa Santa,Brazil,33400-000,913
995,Elladine,Beran,eberanrm@example.com,874-172-5981,7022 Jenifer Park,Kopen,Indonesia,,258
996,Marlo,Vela,mvelarn@fc2.com,829-538-6379,9 4th Crossing,Šenov,Czech Republic,739 34,846
997,Sebastiano,Melmore,smelmorero@g.co,139-446-1888,35 Corben Road,Pulosari,Indonesia,,728
998,Celene,Conahy,cconahyrp@simplemachines.org,218-489-4211,141 Mayer Junction,Hetou,China,,199
999,Gladi,Haskayne,ghaskaynerq@skype.com,869-252-9221,4977 Colorado Parkway,Lamalewar,Indonesia,,33
1000,Cornie,Longhirst,clonghirstrr@narod.ru,421-181-5755,52175 Magdeline Hill,Lukou,China,,595
